month_date,account_id,account_name,brand_name,impressions,clicks,platform_spend,actual_spend,ctr,cpm,cpc,in_app_total_payment,payment_24h,revenue_24h,roi_24h,mixed_revenue_24h,mixed_roi_24h,plays,play_cost,play_rate,ctr_recalc,cpc_recalc,cpm_recalc,roi_24h_recalc,mixed_roi_recalc,play_cost_recalc,play_rate_recalc,is_eligible,is_high_spend,action_segment
2026-07-01,MJ-0482,漫剧品牌G-账号-0482,漫剧品牌G,3859694,175555,11382.8634,11382.75,0.04548417568853904,2.9491621356511684,0.06483930050411552,0.0,0.0,11520.18,1.0120634496940375,11520.16,1.0120616926668908,0,0.0,0.0,0.04548417568853904,0.06483930050411552,2.9491621356511684,1.0120634496940375,1.0120616926668908,,0.0,True,True,核心扩量候选
2026-07-01,MJ-0250,漫剧品牌C-账号-0250,漫剧品牌C,1056097,17774,9338.76402,9338.66,0.016829893466225168,8.842714277192341,0.5254171272645437,0.0,0.0,9598.36,1.0277976806613858,9598.36,1.0277976806613858,210168,22.504905311870168,0.1990044475081361,0.016829893466225168,0.5254171272645437,8.842714277192341,1.0277976806613858,1.0277976806613858,0.044434757051501655,0.1990044475081361,True,True,核心扩量候选
2026-07-01,MJ-0128,漫剧品牌C-账号-0128,漫剧品牌C,489979,13837,5128.31276,5128.2,0.028239985795309595,10.466392967861887,0.37062316687143165,0.0,0.0,5338.46,1.0409778517486519,5338.46,1.0409778517486519,119959,23.39151405422473,0.2448247782047802,0.028239985795309595,0.37062316687143165,10.466392967861887,1.0409778517486519,1.0409778517486519,0.04275054610325194,0.2448247782047802,True,True,核心扩量候选
2026-07-01,MJ-0310,漫剧品牌F-账号-0310,漫剧品牌F,1734736,49311,4083.21579,4083.1,0.028425650934782005,2.3537966526318703,0.0828053738516761,0.0,0.0,4286.88,1.0498783851930589,4286.88,1.0498783851930589,0,0.0,0.0,0.028425650934782005,0.0828053738516761,2.3537966526318703,1.0498783851930589,1.0498783851930589,,0.0,True,True,核心扩量候选
2026-07-01,MJ-0113,漫剧品牌C-账号-0113,漫剧品牌C,398563,4561,4053.70836,4053.58,0.011443611173139504,10.170809533248194,0.8887762245121684,0.0,0.0,4075.7,1.005425067135318,4075.7,1.005425067135318,91345,22.5336881412949,0.22918585016672396,0.011443611173139504,0.8887762245121684,10.170809533248194,1.005425067135318,1.005425067135318,0.04437799945262467,0.22918585016672396,True,True,核心扩量候选
2026-07-01,MJ-0321,漫剧品牌F-账号-0321,漫剧品牌F,1826273,52402,4046.29215,4046.06,0.028693410021393296,2.2156009260389875,0.07721636865005153,0.0,0.0,4111.24,1.0160512013449152,4111.24,1.0160512013449152,0,0.0,0.0,0.028693410021393296,0.07721636865005153,2.2156009260389875,1.0160512013449152,1.0160512013449152,,0.0,True,True,核心扩量候选
2026-07-01,MJ-0204,漫剧品牌C-账号-0204,漫剧品牌C,428357,6407,3749.73149,3749.6,0.014957150227497157,8.753753271220035,0.5852554221944748,0.0,0.0,3843.75,1.0250733979888251,3843.75,1.0250733979888251,84538,22.54508095458323,0.19735407615610343,0.014957150227497157,0.5852554221944748,8.753753271220035,1.0250733979888251,1.0250733979888251,0.044355573706498855,0.19735407615610343,True,True,核心扩量候选
2026-07-01,MJ-0304,漫剧品牌B-账号-0304,漫剧品牌B,432422,12099,3520.89819,3520.77,0.027979612508151758,8.142273496723108,0.2910073716836102,910.97,910.97,2406.2,0.6834051625900606,3317.17,0.9421374379473325,89883,25.528429153471205,0.20785945210928214,0.027979612508151758,0.2910073716836102,8.142273496723108,0.6834051625900606,0.9421374379473325,0.03917201461900471,0.20785945210928214,True,True,高消耗重点优化
2026-07-01,MJ-0114,漫剧品牌C-账号-0114,漫剧品牌C,370273,4471,3378.69299,3378.56,0.012074874484501976,9.124870001323348,0.7556906709908298,0.0,0.0,3523.38,1.0428233670322322,3523.38,1.0428233670322322,71984,21.305279944952915,0.1944079098394968,0.012074874484501976,0.7556906709908298,9.124870001323348,1.0428233670322322,1.0428233670322322,0.04693672191042454,0.1944079098394968,True,True,核心扩量候选
2026-07-01,MJ-0521,漫剧品牌D-账号-0521,漫剧品牌D,335083,8548,3151.1739,3151.07,0.02551009749823178,9.404159268002257,0.3686445835283107,0.0,0.0,3216.64,1.0207751466842245,3216.64,1.0207751466842245,72906,23.13613983664945,0.2175759438706231,0.02551009749823178,0.3686445835283107,9.404159268002257,1.0207751466842245,1.0207751466842245,0.04322242202287877,0.2175759438706231,True,True,核心扩量候选
2026-07-01,MJ-0059,漫剧品牌D-账号-0059,漫剧品牌D,941833,44997,2821.76099,2821.66,0.04777598576393055,2.9960311329078513,0.06270998044314066,0.0,0.0,2876.44,1.0193776192221013,2876.44,1.0193776192221013,0,0.0,0.0,0.04777598576393055,0.06270998044314066,2.9960311329078513,1.0193776192221013,1.0193776192221013,,0.0,True,True,核心扩量候选
2026-07-01,MJ-0115,漫剧品牌C-账号-0115,漫剧品牌C,263566,3495,2714.27644,2714.15,0.013260435716291175,10.298279899531806,0.7766170071530758,0.0,0.0,2891.0,1.0651089024668394,2891.0,1.0651089024668394,50651,18.660958498390826,0.1921757738099755,0.013260435716291175,0.7766170071530758,10.298279899531806,1.0651089024668394,1.0651089024668394,0.053587815442933014,0.1921757738099755,True,True,核心扩量候选
2026-07-01,MJ-0456,漫剧品牌G-账号-0456,漫剧品牌G,232456,9660,2639.99718,2639.9,0.041556251505661286,11.356975857796744,0.27329163354037267,0.0,0.0,2754.66,1.0434329327579055,2754.66,1.0434329327579055,54048,20.472749141345673,0.23250851774099185,0.041556251505661286,0.27329163354037267,11.356975857796744,1.0434329327579055,1.0434329327579055,0.048845418516873886,0.23250851774099185,True,True,核心扩量候选
2026-07-01,MJ-0479,漫剧品牌C-账号-0479,漫剧品牌C,277398,7300,2611.22919,2611.1,0.0263159792067715,9.413294940843121,0.3577026287671233,0.0,0.0,2762.13,1.0577891862491013,2762.13,1.0577891862491013,64470,24.68952179567202,0.23240975061103541,0.0263159792067715,0.3577026287671233,9.413294940843121,1.0577891862491013,1.0577891862491013,0.04050301209865054,0.23240975061103541,True,True,核心扩量候选
2026-07-01,MJ-0102,漫剧品牌C-账号-0102,漫剧品牌C,225451,3777,2566.20095,2566.09,0.016753086036433638,11.382521922723784,0.6794283690759862,0.0,0.0,2621.4,1.0215100263289982,2621.4,1.0215100263289982,55848,21.762909876562862,0.24771679877223876,0.016753086036433638,0.6794283690759862,11.382521922723784,1.0215100263289982,1.0215100263289982,0.045949737680848014,0.24771679877223876,True,True,核心扩量候选
2026-07-01,MJ-0465,漫剧品牌G-账号-0465,漫剧品牌G,248820,4850,2507.56759,2507.46,0.01949200225062294,10.077837754199823,0.5170242453608248,0.0,0.0,2590.58,1.0331047547157044,2590.58,1.0331047547157044,63737,25.41785922508274,0.25615706132947513,0.01949200225062294,0.5170242453608248,10.077837754199823,1.0331047547157044,1.0331047547157044,0.03934241633588026,0.25615706132947513,True,True,核心扩量候选
2026-07-01,MJ-0501,漫剧品牌G-账号-0501,漫剧品牌G,267801,10816,2391.85607,2391.72,0.04038819869978081,8.931468030365831,0.22114053901627218,0.0,0.0,2539.67,1.0617988397604545,2539.67,1.0617988397604545,66370,27.748325174097957,0.24783327918865128,0.04038819869978081,0.22114053901627218,8.931468030365831,1.0617988397604545,1.0617988397604545,0.03603821108934759,0.24783327918865128,True,True,核心扩量候选
2026-07-01,MJ-0101,漫剧品牌C-账号-0101,漫剧品牌C,233722,3728,2390.70189,2390.6,0.01595057375856787,10.228826939697589,0.6412826958154506,0.0,0.0,2538.43,1.0617927775177356,2538.44,1.0617969603897373,55230,23.10200206517593,0.2363063810852209,0.01595057375856787,0.6412826958154506,10.228826939697589,1.0617927775177356,1.0617969603897373,0.04328629168929929,0.2363063810852209,True,True,核心扩量候选
2026-07-01,MJ-0111,漫剧品牌C-账号-0111,漫剧品牌C,184156,3163,2357.87999,2357.76,0.01717565542257651,12.803709843828058,0.7454568416060702,0.0,0.0,2383.08,1.0106875710837175,2383.08,1.0106875710837175,43072,18.267257104972508,0.2338886596146745,0.01717565542257651,0.7454568416060702,12.803709843828058,1.0106875710837175,1.0106875710837175,0.05474275608283804,0.2338886596146745,True,True,核心扩量候选
2026-07-01,MJ-0472,漫剧品牌C-账号-0472,漫剧品牌C,196919,5725,2347.42518,2347.33,0.029072867524210462,11.92076528928138,0.4100305991266376,0.0,0.0,2539.69,1.081904557230659,2539.69,1.081904557230659,39798,16.95389499059561,0.20210340292201362,0.029072867524210462,0.4100305991266376,11.92076528928138,1.081904557230659,1.081904557230659,0.058983496155585714,0.20210340292201362,True,True,核心扩量候选
2026-07-01,MJ-0099,漫剧品牌C-账号-0099,漫剧品牌C,279924,7847,2292.9031,2292.8,0.028032608850973837,8.191162958517312,0.29220123614120047,0.0,0.0,2495.13,1.0881968801908812,2495.13,1.0881968801908812,64392,28.08317542943703,0.2300338663351481,0.028032608850973837,0.29220123614120047,8.191162958517312,1.0881968801908812,1.0881968801908812,0.03560850882097155,0.2300338663351481,True,True,核心扩量候选
2026-07-01,MJ-0119,漫剧品牌C-账号-0119,漫剧品牌C,224998,3576,2289.53668,2289.42,0.015893474608663187,10.175809029413596,0.6402507494407159,0.0,0.0,2286.42,0.9986387289501734,2286.42,0.9986387289501734,52146,22.775787108158493,0.23176206010720096,0.015893474608663187,0.6402507494407159,10.175809029413596,0.9986387289501734,0.9986387289501734,0.04390627622444675,0.23176206010720096,True,True,高消耗重点优化
2026-07-01,MJ-0061,漫剧品牌D-账号-0061,漫剧品牌D,925458,39249,2275.40766,2275.28,0.04241035249573725,2.4586827927361368,0.05797364671711381,0.0,0.0,2373.79,1.0432372368826428,2373.79,1.0432372368826428,0,0.0,0.0,0.04241035249573725,0.05797364671711381,2.4586827927361368,1.0432372368826428,1.0432372368826428,,0.0,True,True,核心扩量候选
2026-07-01,MJ-0460,漫剧品牌C-账号-0460,漫剧品牌C,253336,5044,2271.06367,2270.93,0.019910316733508068,8.96463064862475,0.4502505293417922,0.0,0.0,2419.01,1.0651440696948846,2419.01,1.0651440696948846,38930,17.141747505476147,0.15366943505857833,0.019910316733508068,0.4502505293417922,8.96463064862475,1.0651440696948846,1.0651440696948846,0.058337109427176986,0.15366943505857833,True,True,核心扩量候选
2026-07-01,MJ-0484,漫剧品牌C-账号-0484,漫剧品牌C,274071,4691,2260.16406,2260.05,0.017116002787598835,8.246637039307332,0.4818085823918141,0.0,0.0,2412.67,1.067475606173474,2412.67,1.067475606173474,57083,25.256131185450315,0.2082781469035396,0.017116002787598835,0.4818085823918141,8.246637039307332,1.067475606173474,1.067475606173474,0.03959434612756863,0.2082781469035396,True,True,核心扩量候选
2026-07-01,MJ-0107,漫剧品牌C-账号-0107,漫剧品牌C,182895,4417,2260.09469,2259.99,0.024150468848246263,12.35733448153312,0.5116809350237718,0.0,0.0,2354.99,1.0419873160270112,2354.99,1.0419873160270112,43715,19.34210995380906,0.23901692227780968,0.024150468848246263,0.5116809350237718,12.35733448153312,1.0419873160270112,1.0419873160270112,0.05170066773418735,0.23901692227780968,True,True,核心扩量候选
2026-07-01,MJ-0370,漫剧品牌C-账号-0370,漫剧品牌C,203227,6472,2230.882,2230.79,0.03184616217333327,10.97729140320922,0.3446974660074166,0.0,0.0,2274.31,1.0194667400606576,2274.31,1.0194667400606576,46836,20.994386973403344,0.23046150363878815,0.03184616217333327,0.3446974660074166,10.97729140320922,1.0194667400606576,1.0194667400606576,0.04763177897343924,0.23046150363878815,True,True,核心扩量候选
2026-07-01,MJ-0510,漫剧品牌E-账号-0510,漫剧品牌E,175269,5792,2226.36853,2226.34,0.033046345902584026,12.702580205284448,0.3843868318370166,319.83,319.83,1951.2,0.876404770238106,2271.02,1.0200557407268058,25912,11.638684095125976,0.14784131820230617,0.033046345902584026,0.3843868318370166,12.702580205284448,0.876404770238106,1.0200557407268058,0.08592036623958013,0.14784131820230617,True,True,核心扩量候选
2026-07-01,MJ-0036,漫剧品牌C-账号-0036,漫剧品牌C,213073,6315,1930.8693,1930.75,0.02963772979213697,9.06200832578506,0.3057591923990499,0.0,0.0,1854.84,0.9606243156903472,1854.84,0.9606243156903472,50457,26.13175319530949,0.23680616502325494,0.02963772979213697,0.3057591923990499,9.06200832578506,0.9606243156903472,0.9606243156903472,0.03826761995362388,0.23680616502325494,True,True,高消耗重点优化
2026-07-01,MJ-0454,漫剧品牌C-账号-0454,漫剧品牌C,158491,3815,1923.28583,1923.16,0.02407076742527967,12.134984510161459,0.5041378322411534,0.0,0.0,2026.74,1.053790325070923,2026.74,1.053790325070923,29444,15.309216935269575,0.1857771103721978,0.02407076742527967,0.5041378322411534,12.134984510161459,1.053790325070923,1.053790325070923,0.06532012736041298,0.1857771103721978,True,True,核心扩量候选
2026-07-01,MJ-0360,漫剧品牌C-账号-0360,漫剧品牌C,140552,5824,1863.11891,1863.0,0.04143662132164608,13.25572677727816,0.31990365899725276,0.0,0.0,2015.32,1.0816915598800938,2015.32,1.0816915598800938,29706,15.944231922373651,0.21135238203654164,0.04143662132164608,0.31990365899725276,13.25572677727816,1.0816915598800938,1.0816915598800938,0.06271860600552076,0.21135238203654164,True,True,核心扩量候选
2026-07-01,MJ-0134,漫剧品牌D-账号-0134,漫剧品牌D,184494,7826,1861.68007,1861.6,0.042418723644129346,10.090735037453792,0.23788398543317146,0.0,0.0,1912.91,1.027518117009224,1912.91,1.027518117009224,37413,20.09636381830096,0.20278708250674818,0.042418723644129346,0.23788398543317146,10.090735037453792,1.027518117009224,1.027518117009224,0.049760245636543445,0.20278708250674818,True,True,核心扩量候选
2026-07-01,MJ-0292,漫剧品牌C-账号-0292,漫剧品牌C,124920,5535,1787.082,1786.94,0.04430835734870317,14.30581171950048,0.322869376693767,0.0,0.0,1925.82,1.077633818705577,1925.82,1.077633818705577,28245,15.805094561973092,0.226104707012488,0.04430835734870317,0.322869376693767,14.30581171950048,1.077633818705577,1.077633818705577,0.06327073818374934,0.226104707012488,True,True,核心扩量候选
2026-07-01,MJ-0120,漫剧品牌C-账号-0120,漫剧品牌C,145561,3203,1785.00947,1784.89,0.022004520441601803,12.262965148631846,0.5572929971901343,0.0,0.0,1847.41,1.0349580946480919,1847.41,1.0349580946480919,26167,14.659305981160985,0.17976655835010752,0.022004520441601803,0.5572929971901343,12.262965148631846,1.0349580946480919,1.0349580946480919,0.06821605342607101,0.17976655835010752,True,True,核心扩量候选
2026-07-01,MJ-0457,漫剧品牌C-账号-0457,漫剧品牌C,352140,9243,1743.67938,1743.57,0.02624808314874766,4.951665189981258,0.1886486400519312,0.0,0.0,1887.34,1.0823893553182924,1887.34,1.0823893553182924,31771,18.2206662328025,0.09022263872323508,0.02624808314874766,0.1886486400519312,4.951665189981258,1.0823893553182924,1.0823893553182924,0.05488273519876617,0.09022263872323508,True,True,核心扩量候选
2026-07-01,MJ-0474,漫剧品牌G-账号-0474,漫剧品牌G,124153,4464,1679.96917,1679.87,0.035955635385371276,13.531442413795881,0.3763371796594982,0.0,0.0,1761.49,1.0485251940665077,1761.49,1.0485251940665077,25817,15.367543917487485,0.20794503556096108,0.035955635385371276,0.3763371796594982,13.531442413795881,1.0485251940665077,1.0485251940665077,0.06507220707285898,0.20794503556096108,True,True,核心扩量候选
2026-07-01,MJ-0109,漫剧品牌C-账号-0109,漫剧品牌C,152481,1941,1515.66987,1515.56,0.012729454817321502,9.940057253034803,0.7808706182380216,0.0,0.0,1557.43,1.027552259780687,1557.43,1.027552259780687,25814,17.031413311660014,0.16929322341799963,0.012729454817321502,0.7808706182380216,9.940057253034803,1.027552259780687,1.027552259780687,0.05871503331525529,0.16929322341799963,True,True,核心扩量候选
2026-07-01,MJ-0467,漫剧品牌C-账号-0467,漫剧品牌C,115298,4234,1495.26452,1495.16,0.036722232822772295,12.968694339884472,0.3531564761454889,0.0,0.0,1615.75,1.0805780371221543,1615.75,1.0805780371221543,24699,16.518147571641705,0.21421880691772624,0.036722232822772295,0.3531564761454889,12.968694339884472,1.0805780371221543,1.0805780371221543,0.06053947609214948,0.21421880691772624,True,True,核心扩量候选
2026-07-01,MJ-0362,漫剧品牌C-账号-0362,漫剧品牌C,102004,3468,1442.07401,1441.97,0.0339986667189522,14.137426081330144,0.41582295559400234,0.0,0.0,1567.76,1.0871564074578945,1567.76,1.0871564074578945,30561,21.19239358595749,0.2996058978079291,0.0339986667189522,0.41582295559400234,14.137426081330144,1.0871564074578945,1.0871564074578945,0.04718674159876968,0.2996058978079291,True,True,核心扩量候选
2026-07-01,MJ-0503,漫剧品牌C-账号-0503,漫剧品牌C,297041,9906,1427.32467,1427.23,0.03334893162896704,4.805143633370477,0.14408688370684433,0.0,0.0,1459.2,1.0223322210215844,1459.2,1.0223322210215844,22449,15.728026336152377,0.0755754256146458,0.03334893162896704,0.14408688370684433,4.805143633370477,1.0223322210215844,1.0223322210215844,0.06358076840839236,0.0755754256146458,True,True,核心扩量候选
2026-07-01,MJ-0154,漫剧品牌D-账号-0154,漫剧品牌D,109718,4124,1392.12887,1392.04,0.03758726918099127,12.688245046391659,0.33756762124151307,0.0,0.0,1417.87,1.0184904792614493,1417.87,1.0184904792614493,23848,17.130597974022333,0.21735722488561585,0.03758726918099127,0.33756762124151307,12.688245046391659,1.0184904792614493,1.0184904792614493,0.05837507841328413,0.21735722488561585,True,True,核心扩量候选
2026-07-01,MJ-0242,漫剧品牌C-账号-0242,漫剧品牌C,97663,3830,1339.8899,1339.88,0.0392164893562557,13.719524282481594,0.34984070496083547,0.0,0.0,1235.47,0.9220682982982409,1235.47,0.9220682982982409,24182,18.047751535406007,0.24760656543419718,0.0392164893562557,0.34984070496083547,13.719524282481594,0.9220682982982409,0.9220682982982409,0.05540856422132164,0.24760656543419718,True,True,高消耗重点优化
2026-07-01,MJ-0210,漫剧品牌B-账号-0210,漫剧品牌B,198155,10206,1334.57001,1334.47,0.05150513486916808,6.73498024273927,0.13076327748383304,294.51,294.51,998.33,0.7480536746064,1292.84,0.9687314942735751,19686,14.750818505205284,0.0993464711967904,0.05150513486916808,0.13076327748383304,6.73498024273927,0.7480536746064,0.9687314942735751,0.06779284821700701,0.0993464711967904,True,True,高消耗重点优化
2026-07-01,MJ-0194,漫剧品牌G-账号-0194,漫剧品牌G,105516,3789,1286.70197,1286.63,0.03590924599112931,12.194377819477616,0.33958880179466877,0.0,0.0,1287.23,1.0004103747505726,1287.23,1.0004103747505726,20932,16.26794742530782,0.19837749725160164,0.03590924599112931,0.33958880179466877,12.194377819477616,1.0004103747505726,1.0004103747505726,0.06147056994076056,0.19837749725160164,True,True,核心扩量候选
2026-07-01,MJ-0124,漫剧品牌C-账号-0124,漫剧品牌C,116630,5612,1283.63767,1283.51,0.04811797993655149,11.006067649832806,0.2287308749109052,0.0,0.0,1369.91,1.067209253838741,1369.91,1.067209253838741,22080,17.20111563880795,0.18931664237331733,0.04811797993655149,0.2287308749109052,11.006067649832806,1.067209253838741,1.067209253838741,0.05813576403985508,0.18931664237331733,True,True,核心扩量候选
2026-07-01,MJ-0507,漫剧品牌D-账号-0507,漫剧品牌D,229278,10019,1281.22965,1281.1,0.04369804342326782,5.588105487661267,0.12787999301327477,0.0,0.0,1385.58,1.081445469202184,1385.58,1.081445469202184,25479,19.886364634162188,0.11112710334179468,0.04369804342326782,0.12787999301327477,5.588105487661267,1.081445469202184,1.081445469202184,0.05028571176262805,0.11112710334179468,True,True,核心扩量候选
2026-07-01,MJ-0025,漫剧品牌C-账号-0025,漫剧品牌C,104033,4539,1266.33605,1266.24,0.04363038651197216,12.172445762402313,0.2789900969376514,0.0,0.0,1357.22,1.0717692195527404,1357.22,1.0717692195527404,23050,18.202119413721185,0.22156431132429133,0.04363038651197216,0.2789900969376514,12.172445762402313,1.0717692195527404,1.0717692195527404,0.054938657266811276,0.22156431132429133,True,True,核心扩量候选
2026-07-01,MJ-0466,漫剧品牌C-账号-0466,漫剧品牌C,306748,17570,1261.57465,1261.47,0.057278287062996334,4.1127396103642075,0.07180276892430279,0.0,0.0,1371.34,1.0870066230325728,1371.34,1.0870066230325728,24040,19.05555093390629,0.07837051912318907,0.057278287062996334,0.07180276892430279,4.1127396103642075,1.0870066230325728,1.0870066230325728,0.05247814683860233,0.07837051912318907,True,True,核心扩量候选
2026-07-01,MJ-0355,漫剧品牌C-账号-0355,漫剧品牌C,278282,24153,1228.55712,1228.43,0.08679325288735887,4.414791901739962,0.05086561172525152,0.0,0.0,1327.25,1.0803323495451316,1327.25,1.0803323495451316,32850,26.73868350541162,0.1180457234028791,0.08679325288735887,0.05086561172525152,4.414791901739962,1.0803323495451316,1.0803323495451316,0.03739899908675799,0.1180457234028791,True,True,核心扩量候选
2026-07-01,MJ-0135,漫剧品牌C-账号-0135,漫剧品牌C,121739,3237,1174.06513,1173.97,0.02658967134607644,9.64411675798224,0.36270161569354337,0.0,0.0,1259.09,1.0724192106787125,1259.09,1.0724192106787125,36594,31.168628609215233,0.30059389349345733,0.02658967134607644,0.36270161569354337,9.64411675798224,1.0724192106787125,1.0724192106787125,0.03208354183745969,0.30059389349345733,True,True,核心扩量候选
2026-07-01,MJ-0504,漫剧品牌G-账号-0504,漫剧品牌G,356404,19609,1128.97775,1128.86,0.05501902335551789,3.167691019180481,0.057574468356366974,0.0,0.0,1022.9,0.906040885216737,1022.9,0.906040885216737,1163,1.0301354477535098,0.003263150806388256,0.05501902335551789,0.057574468356366974,3.167691019180481,0.906040885216737,0.906040885216737,0.9707461306964746,0.003263150806388256,True,True,高消耗重点优化
2026-07-01,MJ-0060,漫剧品牌D-账号-0060,漫剧品牌D,92834,5139,1089.44338,1089.32,0.05535687355925631,11.735391990003661,0.21199520918466627,0.0,0.0,1140.29,1.0466721088341462,1140.29,1.0466721088341462,23987,22.017665571569218,0.2583859361871728,0.05535687355925631,0.21199520918466627,11.735391990003661,1.0466721088341462,1.0466721088341462,0.04541807562429649,0.2583859361871728,True,True,核心扩量候选
2026-07-01,MJ-0131,漫剧品牌C-账号-0131,漫剧品牌C,72825,2591,1081.66694,1081.53,0.03557844146927566,14.852961757638173,0.4174708375144732,0.0,0.0,1164.32,1.0764126709835469,1164.32,1.0764126709835469,14358,13.27395658408493,0.19715756951596292,0.03557844146927566,0.4174708375144732,14.852961757638173,1.0764126709835469,1.0764126709835469,0.07533548822955843,0.19715756951596292,True,True,核心扩量候选
2026-07-01,MJ-0118,漫剧品牌C-账号-0118,漫剧品牌C,82941,2054,1080.28678,1080.16,0.02476459169771283,13.0247619392098,0.5259429308666017,0.0,0.0,1090.72,1.0096578243788192,1090.72,1.0096578243788192,15625,14.463751930760461,0.1883869256459411,0.02476459169771283,0.5259429308666017,13.0247619392098,1.0096578243788192,1.0096578243788192,0.06913835391999999,0.1883869256459411,True,True,核心扩量候选
2026-07-01,MJ-0105,漫剧品牌C-账号-0105,漫剧品牌C,101643,1150,1070.34078,1070.22,0.011314109186072823,10.530393435849001,0.9307311130434782,0.0,0.0,1058.16,0.9886197179182504,1058.16,0.9886197179182504,14308,13.367705190117114,0.14076719498637388,0.011314109186072823,0.9307311130434782,10.530393435849001,0.9886197179182504,0.9886197179182504,0.07480715543751747,0.14076719498637388,True,True,高消耗重点优化
2026-07-01,MJ-0531,漫剧品牌D-账号-0531,漫剧品牌D,96274,3595,1042.04044,1041.93,0.03734133826370567,10.823695286370151,0.28985825869262866,0.0,0.0,1115.29,1.0702943544110437,1115.29,1.0702943544110437,23482,22.53463406852041,0.24390801254752062,0.03734133826370567,0.28985825869262866,10.823695286370151,1.0702943544110437,1.0702943544110437,0.04437613661527979,0.24390801254752062,True,True,核心扩量候选
2026-07-01,MJ-0348,漫剧品牌D-账号-0348,漫剧品牌D,108546,1867,1025.64581,1025.57,0.017200081071619407,9.44895076741658,0.549355013390466,0.0,0.0,1025.89,1.0002380841393972,1025.89,1.0002380841393972,24188,23.583189990314494,0.22283640115711312,0.017200081071619407,0.549355013390466,9.44895076741658,1.0002380841393972,1.0002380841393972,0.04240308458739871,0.22283640115711312,True,True,核心扩量候选
2026-07-01,MJ-0001,漫剧品牌H-账号-0001,漫剧品牌H,145547,1577,1009.386,1009.28,0.01083498801074567,6.935120613959752,0.6400672162333545,0.0,0.0,1042.98,1.0332816187266318,1042.98,1.0332816187266318,28567,28.301363403098517,0.19627336873999465,0.01083498801074567,0.6400672162333545,6.935120613959752,1.0332816187266318,1.0332816187266318,0.03533398676794903,0.19627336873999465,True,True,核心扩量候选
2026-07-01,MJ-0006,漫剧品牌H-账号-0006,漫剧品牌H,130082,1434,905.32843,905.26,0.01102381574699036,6.959674897372427,0.6313308437935844,0.0,0.0,931.15,1.0285217708229928,931.15,1.0285217708229928,25938,28.650376085063407,0.1993973032394951,0.01102381574699036,0.6313308437935844,6.959674897372427,1.0285217708229928,1.0285217708229928,0.0349035557868764,0.1993973032394951,True,True,核心扩量候选
2026-07-01,MJ-0486,漫剧品牌G-账号-0486,漫剧品牌G,95888,2213,905.19043,905.11,0.023079008843650925,9.44008040630736,0.4090331812019882,0.0,0.0,1017.33,1.1238850591913572,1017.33,1.1238850591913572,20657,22.82061245388995,0.21542841648590022,0.023079008843650925,0.4090331812019882,9.44008040630736,1.1238850591913572,1.1238850591913572,0.04382003340272063,0.21542841648590022,True,True,核心扩量候选
2026-07-01,MJ-0148,漫剧品牌D-账号-0148,漫剧品牌D,118767,3653,896.67965,896.59,0.030757702055284716,7.549905697710644,0.2454639063783192,0.0,0.0,944.68,1.0535312137394888,944.68,1.0535312137394888,21404,23.870286339162487,0.1802184108380274,0.030757702055284716,0.2454639063783192,7.549905697710644,1.0535312137394888,1.0535312137394888,0.041893087740609236,0.1802184108380274,True,True,核心扩量候选
2026-07-01,MJ-0518,漫剧品牌H-账号-0518,漫剧品牌H,133968,2080,887.35169,887.27,0.015526095784067837,6.623609294756957,0.4266113894230769,0.0,0.0,942.76,1.062442333321076,942.76,1.062442333321076,32153,36.23478758461597,0.24000507583900632,0.015526095784067837,0.4266113894230769,6.623609294756957,1.062442333321076,1.062442333321076,0.027597788386775728,0.24000507583900632,True,True,核心扩量候选
2026-07-01,MJ-0039,漫剧品牌C-账号-0039,漫剧品牌C,127999,7052,885.88359,885.76,0.05509418042328456,6.921019617340761,0.12562160947249007,0.0,0.0,934.88,1.0553079553036986,934.88,1.0553079553036986,14203,16.03258053352134,0.1109618043890968,0.05509418042328456,0.12562160947249007,6.921019617340761,1.0553079553036986,1.0553079553036986,0.062372990917411816,0.1109618043890968,True,True,核心扩量候选
2026-07-01,MJ-0492,漫剧品牌G-账号-0492,漫剧品牌G,82514,3470,875.2958,875.16,0.04205346971423031,10.60784594129481,0.25224662824207494,0.0,0.0,951.59,1.0871639050478707,951.59,1.0871639050478707,21042,24.039873149168546,0.25501127081464964,0.04205346971423031,0.25224662824207494,10.60784594129481,1.0871639050478707,1.0871639050478707,0.04159755726641954,0.25501127081464964,True,True,核心扩量候选
2026-07-01,MJ-0373,漫剧品牌C-账号-0373,漫剧品牌C,62651,3228,857.12362,857.06,0.05152351917766676,13.680924805669502,0.26552776332094175,0.0,0.0,898.67,1.0484718645368798,898.67,1.0484718645368798,13568,15.829688604311244,0.21656477949274552,0.05152351917766676,0.26552776332094175,13.680924805669502,1.0484718645368798,1.0484718645368798,0.06317243661556604,0.21656477949274552,True,True,核心扩量候选
2026-07-01,MJ-0281,漫剧品牌C-账号-0281,漫剧品牌C,105011,3156,824.62073,824.51,0.030053994343449734,7.852708097246955,0.26128666983523446,0.0,0.0,884.91,1.0731115139441134,884.91,1.0731115139441134,13699,16.612485596863422,0.1304530001618878,0.030053994343449734,0.26128666983523446,7.852708097246955,1.0731115139441134,1.0731115139441134,0.060195688006423824,0.1304530001618878,True,True,核心扩量候选
2026-07-01,MJ-0459,漫剧品牌G-账号-0459,漫剧品牌G,87538,2494,817.85397,817.78,0.028490484132605267,9.342845050149649,0.3279286166800321,0.0,0.0,831.77,1.0170152991982175,831.77,1.0170152991982175,23119,28.267882590335777,0.2641024469373301,0.028490484132605267,0.3279286166800321,9.342845050149649,1.0170152991982175,1.0170152991982175,0.035375836757645225,0.2641024469373301,True,True,核心扩量候选
2026-07-01,MJ-0239,漫剧品牌B-账号-0239,漫剧品牌B,102499,5791,806.67553,806.59,0.05649811217670416,7.870081952019045,0.139298140217579,234.88,234.88,543.09,0.6732446687703544,777.97,0.9644150232250135,11075,13.729187992103839,0.108049834632533,0.05649811217670416,0.139298140217579,7.870081952019045,0.6732446687703544,0.9644150232250135,0.07283751963882619,0.108049834632533,True,True,高消耗重点优化
2026-07-01,MJ-0449,漫剧品牌G-账号-0449,漫剧品牌G,65803,3564,781.09818,780.99,0.054161664361807214,11.870251812227405,0.21916335016835015,0.0,0.0,799.92,1.0240966122850268,799.92,1.0240966122850268,14573,18.65706562009913,0.2214640669878273,0.054161664361807214,0.21916335016835015,11.870251812227405,1.0240966122850268,1.0240966122850268,0.05359899677485761,0.2214640669878273,True,True,核心扩量候选
2026-07-01,MJ-0112,漫剧品牌C-账号-0112,漫剧品牌C,84196,1934,770.16542,770.06,0.02297021236163238,9.147292270416647,0.3982241054808687,0.0,0.0,755.99,0.9815943177505944,755.99,0.9815943177505944,17694,22.974285186681062,0.21015250130647536,0.02297021236163238,0.3982241054808687,9.147292270416647,0.9815943177505944,0.9815943177505944,0.043526925511472817,0.21015250130647536,True,True,高消耗重点优化
2026-07-01,MJ-0495,漫剧品牌G-账号-0495,漫剧品牌G,58485,2223,736.85731,736.79,0.0380097460887407,12.59908198683423,0.33146977507872244,0.0,0.0,755.9,1.0258431174415572,755.9,1.0258431174415572,13916,18.885610295431555,0.23794135248354278,0.0380097460887407,0.33146977507872244,12.59908198683423,1.0258431174415572,1.0258431174415572,0.052950367203219315,0.23794135248354278,True,True,核心扩量候选
2026-07-01,MJ-0480,漫剧品牌C-账号-0480,漫剧品牌C,230505,7545,734.75253,734.63,0.03273247868809787,3.187577406130019,0.09738270775347913,0.0,0.0,750.84,1.0218950862271956,750.84,1.0218950862271956,9846,13.400430210155248,0.04271490857031301,0.03273247868809787,0.09738270775347913,3.187577406130019,1.0218950862271956,1.0218950862271956,0.07462446983546618,0.04271490857031301,True,False,小步扩量观察
2026-07-01,MJ-0288,漫剧品牌F-账号-0288,漫剧品牌F,101560,825,716.51114,716.4,0.008123276880661678,7.0550525797558095,0.8684983515151514,0.0,0.0,730.95,1.020151619694287,730.95,1.020151619694287,25715,35.88918380250166,0.25320007877116973,0.008123276880661678,0.8684983515151514,7.0550525797558095,1.020151619694287,1.020151619694287,0.02786354812366323,0.25320007877116973,True,False,小步扩量观察
2026-07-01,MJ-0090,漫剧品牌D-账号-0090,漫剧品牌D,66357,3735,712.69223,712.57,0.05628645056286451,10.74027201350272,0.19081451941097724,0.0,0.0,764.96,1.0733384872176872,764.96,1.0733384872176872,9759,13.693147742048486,0.14706813147068132,0.05628645056286451,0.19081451941097724,10.74027201350272,1.0733384872176872,1.0733384872176872,0.0730292273798545,0.14706813147068132,True,False,小步扩量观察
2026-07-01,MJ-0106,漫剧品牌C-账号-0106,漫剧品牌C,59635,1168,708.10888,708.01,0.019585813700008385,11.874048461473967,0.6062576027397261,0.0,0.0,742.77,1.048948856565674,742.77,1.048948856565674,13389,18.908109159710015,0.2245158044772365,0.019585813700008385,0.6062576027397261,11.874048461473967,1.048948856565674,1.048948856565674,0.05288736126671148,0.2245158044772365,True,False,小步扩量观察
2026-07-01,MJ-0170,漫剧品牌D-账号-0170,漫剧品牌D,77541,2535,706.87797,706.77,0.03269238209463381,9.116183309474987,0.278847325443787,0.0,0.0,740.86,1.0480734036739043,740.86,1.0480734036739043,19810,28.024639104257272,0.25547774725629024,0.03269238209463381,0.278847325443787,9.116183309474987,1.0480734036739043,1.0480734036739043,0.03568288591620394,0.25547774725629024,True,False,小步扩量观察
2026-07-01,MJ-0028,漫剧品牌C-账号-0028,漫剧品牌C,139726,4561,698.69827,698.58,0.032642457380874,5.000488599115412,0.15318971058978295,0.0,0.0,739.38,1.0582250332464684,739.38,1.0582250332464684,9744,13.945934058202262,0.06973648426205574,0.032642457380874,0.15318971058978295,5.000488599115412,1.0582250332464684,1.0582250332464684,0.07170548747947454,0.06973648426205574,True,False,小步扩量观察
2026-07-01,MJ-0077,漫剧品牌D-账号-0077,漫剧品牌D,54148,4095,684.77417,684.67,0.07562606190441014,12.646342801211494,0.16722201953601953,0.0,0.0,718.72,1.049572299142066,718.72,1.049572299142066,12195,17.80879088941103,0.22521607446258404,0.07562606190441014,0.16722201953601953,12.646342801211494,1.049572299142066,1.049572299142066,0.056152043460434606,0.22521607446258404,True,False,小步扩量观察
2026-07-01,MJ-0123,漫剧品牌C-账号-0123,漫剧品牌C,245918,2254,674.1225,674.0,0.009165656844964582,2.7412491155588445,0.2990783052351375,0.0,0.0,667.75,0.9905469703206762,667.75,0.9905469703206762,15601,23.14267807408891,0.0634398458022593,0.009165656844964582,0.2990783052351375,2.7412491155588445,0.9905469703206762,0.9905469703206762,0.043210210883917695,0.0634398458022593,True,False,低效清理候选
2026-07-01,MJ-0157,漫剧品牌D-账号-0157,漫剧品牌D,49131,2191,669.67043,669.59,0.04459506218070058,13.630303270847326,0.30564602008215425,0.0,0.0,676.86,1.0107359824742448,676.86,1.0107359824742448,11608,17.33389960192807,0.23626630844069935,0.04459506218070058,0.30564602008215425,13.630303270847326,1.0107359824742448,1.0107359824742448,0.057690422984148865,0.23626630844069935,True,False,小步扩量观察
2026-07-01,MJ-0544,漫剧品牌D-账号-0544,漫剧品牌D,41422,2222,656.41993,656.34,0.0536429916469509,15.847132683115252,0.2954185103510351,0.0,0.0,686.96,1.0465252022436309,686.96,1.0465252022436309,14444,22.00420697159515,0.348703587465598,0.0536429916469509,0.2954185103510351,15.847132683115252,1.0465252022436309,1.0465252022436309,0.045445855026308504,0.348703587465598,True,False,小步扩量观察
2026-07-01,MJ-0550,漫剧品牌D-账号-0550,漫剧品牌D,40537,2473,652.00369,651.89,0.06100599452352172,16.08416237018033,0.26364888394662356,0.0,0.0,679.41,1.042033979899715,679.41,1.042033979899715,12835,19.68547141197928,0.3166243185238177,0.06100599452352172,0.26364888394662356,16.08416237018033,1.042033979899715,1.042033979899715,0.05079888507985976,0.3166243185238177,True,False,小步扩量观察
2026-07-01,MJ-0104,漫剧品牌C-账号-0104,漫剧品牌C,87844,847,635.23895,635.12,0.009642092800874276,7.231443809480443,0.7499869539551358,0.0,0.0,628.76,0.9898007670971686,628.76,0.9898007670971686,13587,21.38880180442336,0.1546719184008014,0.009642092800874276,0.7499869539551358,7.231443809480443,0.9898007670971686,0.9898007670971686,0.046753437109001254,0.1546719184008014,True,False,低效清理候选
2026-07-01,MJ-0073,漫剧品牌D-账号-0073,漫剧品牌D,47659,3349,632.40171,632.29,0.07027004343355925,13.269302964812521,0.18883299790982383,0.0,0.0,692.64,1.095253205434881,692.64,1.095253205434881,10509,16.617602125079642,0.22050399714639418,0.07027004343355925,0.18883299790982383,13.269302964812521,1.095253205434881,1.095253205434881,0.060177153868113044,0.22050399714639418,True,False,小步扩量观察
2026-07-01,MJ-0078,漫剧品牌D-账号-0078,漫剧品牌D,50247,3443,630.41579,630.3,0.06852150377136944,12.54633689573507,0.18310072320650597,0.0,0.0,662.02,1.050132326158899,662.02,1.050132326158899,10530,16.70326182661129,0.20956475013433637,0.06852150377136944,0.18310072320650597,12.54633689573507,1.050132326158899,1.050132326158899,0.059868546058879396,0.20956475013433637,True,False,小步扩量观察
2026-07-01,MJ-0376,漫剧品牌C-账号-0376,漫剧品牌C,225639,1004,623.9305,623.83,0.0044495853996871105,2.7651713577883257,0.621444721115538,0.0,0.0,629.04,1.008189213381939,629.04,1.008189213381939,13956,22.36787590925592,0.061851009798837966,0.0044495853996871105,0.621444721115538,2.7651713577883257,1.008189213381939,1.008189213381939,0.044706971911722564,0.061851009798837966,True,False,小步扩量观察
2026-07-01,MJ-0543,漫剧品牌H-账号-0543,漫剧品牌H,78205,862,611.58007,611.47,0.011022313151333035,7.820216993798351,0.7094896403712296,0.0,0.0,679.1,1.110402436756973,679.1,1.110402436756973,16024,26.200984606970597,0.20489738507768046,0.011022313151333035,0.7094896403712296,7.820216993798351,1.110402436756973,1.110402436756973,0.03816650461807289,0.20489738507768046,True,False,小步扩量观察
2026-07-01,MJ-0524,漫剧品牌D-账号-0524,漫剧品牌D,41956,1396,609.42026,609.32,0.03327295261702736,14.525223090857088,0.4365474641833811,0.0,0.0,635.23,1.042351299577733,635.23,1.042351299577733,8686,14.252890115599373,0.20702640861855276,0.03327295261702736,0.4365474641833811,14.525223090857088,1.042351299577733,1.042351299577733,0.07016120884181441,0.20702640861855276,True,False,小步扩量观察
2026-07-01,MJ-0471,漫剧品牌G-账号-0471,漫剧品牌G,52059,1996,607.39919,607.33,0.03834111296797864,11.667515511246854,0.3043082114228457,0.0,0.0,666.66,1.0975648485800582,666.66,1.0975648485800582,11033,18.164331104886724,0.21193261491768955,0.03834111296797864,0.3043082114228457,11.667515511246854,1.0975648485800582,1.0975648485800582,0.05505294933381673,0.21193261491768955,True,False,小步扩量观察
2026-07-01,MJ-0044,漫剧品牌C-账号-0044,漫剧品牌C,81110,3976,596.38429,596.25,0.04901984958698064,7.352783750462335,0.14999604879275652,0.0,0.0,624.72,1.0475125023833207,624.72,1.0475125023833207,8396,14.078170972612307,0.1035137467636543,0.04901984958698064,0.14999604879275652,7.352783750462335,1.0475125023833207,1.0475125023833207,0.07103195450214388,0.1035137467636543,True,False,小步扩量观察
2026-07-01,MJ-0158,漫剧品牌D-账号-0158,漫剧品牌D,65578,2595,593.14611,593.06,0.03957119765775108,9.044894781786576,0.22857268208092488,0.0,0.0,594.54,1.00234999433782,594.54,1.00234999433782,11595,19.548303199695603,0.17681234560370857,0.03957119765775108,0.22857268208092488,9.044894781786576,1.00234999433782,1.00234999433782,0.05115533505821475,0.17681234560370857,True,False,小步扩量观察
2026-07-01,MJ-0005,漫剧品牌C-账号-0005,漫剧品牌C,89621,3569,589.41093,589.3,0.03982325571015722,6.576705571238884,0.16514736060521154,0.0,0.0,650.87,1.1042720229161682,650.87,1.1042720229161682,12628,21.424780840083844,0.1409044755135515,0.03982325571015722,0.16514736060521154,6.576705571238884,1.1042720229161682,1.1042720229161682,0.04667492318656953,0.1409044755135515,True,False,小步扩量观察
2026-07-01,MJ-0526,漫剧品牌D-账号-0526,漫剧品牌D,51550,2124,586.02673,585.93,0.041202715809893306,11.368122793404464,0.2759071233521658,0.0,0.0,623.88,1.0645930775205423,623.88,1.0645930775205423,16516,28.18301479183381,0.32038797284190107,0.041202715809893306,0.2759071233521658,11.368122793404464,1.0645930775205423,1.0645930775205423,0.03548236437394042,0.32038797284190107,True,False,小步扩量观察
2026-07-01,MJ-0137,漫剧品牌C-账号-0137,漫剧品牌C,29878,995,566.02875,565.97,0.033302095187094184,18.944666644353706,0.5688731155778894,0.0,0.0,611.32,1.080015811917681,611.32,1.080015811917681,9330,16.48326167177904,0.31226989758350626,0.033302095187094184,0.5688731155778894,18.944666644353706,1.080015811917681,1.080015811917681,0.060667604501607714,0.31226989758350626,True,False,小步扩量观察
2026-07-01,MJ-0215,漫剧品牌G-账号-0215,漫剧品牌G,34893,1775,565.70202,565.65,0.050869801966010375,16.2124787206603,0.31870536338028166,0.0,0.0,549.74,0.9717836963000416,549.74,0.9717836963000416,9920,17.535733741944213,0.28429771014243543,0.050869801966010375,0.31870536338028166,16.2124787206603,0.9717836963000416,0.9717836963000416,0.057026413306451605,0.28429771014243543,True,False,低效清理候选
2026-07-01,MJ-0470,漫剧品牌G-账号-0470,漫剧品牌G,29225,1506,559.21043,559.13,0.05153122326775021,19.13465970915312,0.37132166666666666,0.0,0.0,579.97,1.037123002158597,579.97,1.037123002158597,7818,13.98042593733454,0.26751069289991447,0.05153122326775021,0.37132166666666666,19.13465970915312,1.037123002158597,1.037123002158597,0.07152857892044001,0.26751069289991447,True,False,小步扩量观察
2026-07-01,MJ-0138,漫剧品牌D-账号-0138,漫剧品牌D,45556,1242,550.72399,550.66,0.02726314865220827,12.088945254192641,0.4434170611916264,0.0,0.0,560.5,1.0177511969289734,560.5,1.0177511969289734,10594,19.236496307342634,0.23254895074194398,0.02726314865220827,0.4434170611916264,12.088945254192641,1.0177511969289734,1.0177511969289734,0.05198451859543137,0.23254895074194398,True,False,小步扩量观察
2026-07-01,MJ-0156,漫剧品牌D-账号-0156,漫剧品牌D,42060,1452,548.0431,547.98,0.03452211126961484,13.030030908226342,0.3774401515151515,0.0,0.0,542.2,0.9893382473020828,542.2,0.9893382473020828,11398,20.797634346641715,0.27099381835473135,0.03452211126961484,0.3774401515151515,13.030030908226342,0.9893382473020828,0.9893382473020828,0.048082391647657485,0.27099381835473135,True,False,低效清理候选
2026-07-01,MJ-0317,漫剧品牌E-账号-0317,漫剧品牌E,36144,5963,537.14377,537.12,0.16497897299690129,14.861215416113325,0.09007945161831293,146.63,146.63,366.76,0.6827967119492049,513.4,0.9557962479952061,6597,12.281628063935285,0.1825199203187251,0.16497897299690129,0.09007945161831293,14.861215416113325,0.6827967119492049,0.9557962479952061,0.08142242989237533,0.1825199203187251,True,False,低效清理候选
2026-07-01,MJ-0009,漫剧品牌C-账号-0009,漫剧品牌C,63048,2074,532.19734,532.08,0.032895571627966,8.44114547646238,0.25660431051108973,0.0,0.0,569.39,1.0698850918721239,569.39,1.0698850918721239,11382,21.386803624384893,0.18052912066996574,0.032895571627966,0.25660431051108973,8.44114547646238,1.0698850918721239,1.0698850918721239,0.046757805306624496,0.18052912066996574,True,False,小步扩量观察
2026-07-01,MJ-0070,漫剧品牌D-账号-0070,漫剧品牌D,49187,2306,529.85237,529.74,0.04688230630044524,10.77220342773497,0.22977119254119685,0.0,0.0,558.43,1.0539350800676799,558.43,1.0539350800676799,14223,26.843326189142083,0.2891617703864842,0.04688230630044524,0.22977119254119685,10.77220342773497,1.0539350800676799,1.0539350800676799,0.03725320748084089,0.2891617703864842,True,False,小步扩量观察
2026-07-01,MJ-0122,漫剧品牌C-账号-0122,漫剧品牌C,60411,2602,527.78986,527.69,0.04307162602837231,8.736651603184852,0.2028400691775557,0.0,0.0,622.65,1.17973088759227,622.65,1.17973088759227,9380,17.77222472595438,0.15526973564417076,0.04307162602837231,0.2028400691775557,8.736651603184852,1.17973088759227,1.17973088759227,0.05626757569296375,0.15526973564417076,True,False,小步扩量观察
2026-07-01,MJ-0048,漫剧品牌C-账号-0048,漫剧品牌C,64881,3626,519.0642,518.96,0.05588693145913287,8.000249687890138,0.14315063430777716,0.0,0.0,551.6,1.0626816490137443,551.6,1.0626816490137443,8588,16.54515953903197,0.13236540743823308,0.05588693145913287,0.14315063430777716,8.000249687890138,1.0626816490137443,1.0626816490137443,0.06044063809967397,0.13236540743823308,True,False,小步扩量观察
2026-07-01,MJ-0018,漫剧品牌B-账号-0018,漫剧品牌B,60915,3935,502.39328,502.32,0.06459821062135764,8.247447755068539,0.12767300635324016,68.23,68.23,394.89,0.7860176792173653,463.12,0.9218276168025178,6125,12.191643964664495,0.10054994664696709,0.06459821062135764,0.12767300635324016,8.247447755068539,0.7860176792173653,0.9218276168025178,0.08202339265306123,0.10054994664696709,True,False,低效清理候选
2026-07-01,MJ-0140,漫剧品牌D-账号-0140,漫剧品牌D,37435,1197,476.61049,476.55,0.0319754240683852,12.731681314278083,0.3981708354218881,0.0,0.0,486.17,1.0200572798974692,486.17,1.0200572798974692,8878,18.62737011936099,0.2371577400828102,0.0319754240683852,0.3981708354218881,12.731681314278083,1.0200572798974692,1.0200572798974692,0.05368444356837126,0.2371577400828102,True,False,小步扩量观察
2026-07-01,MJ-0349,漫剧品牌D-账号-0349,漫剧品牌D,31136,1657,470.714,470.61,0.05321813977389517,15.117998458376157,0.28407604103802053,0.0,0.0,506.76,1.0765772847206583,506.76,1.0765772847206583,10665,22.65706989806974,0.3425295477903392,0.05321813977389517,0.28407604103802053,15.117998458376157,1.0765772847206583,1.0765772847206583,0.044136333802156584,0.3425295477903392,True,False,小步扩量观察
2026-07-01,MJ-0063,漫剧品牌D-账号-0063,漫剧品牌D,38385,2362,468.49238,468.4,0.061534453562589554,12.205090009118145,0.19834563082133785,0.0,0.0,484.9,1.0350221704779914,484.9,1.0350221704779914,9375,20.01099783095725,0.24423602969910121,0.061534453562589554,0.19834563082133785,12.205090009118145,1.0350221704779914,1.0350221704779914,0.049972520533333335,0.24423602969910121,True,False,小步扩量观察
2026-07-01,MJ-0374,漫剧品牌C-账号-0374,漫剧品牌C,36267,1117,463.88435,463.75,0.03079934927068685,12.790811205779358,0.41529485228290064,0.0,0.0,477.92,1.0302567870634136,477.92,1.0302567870634136,9623,20.744394588866815,0.2653376347643864,0.03079934927068685,0.41529485228290064,12.790811205779358,1.0302567870634136,1.0302567870634136,0.04820579341161799,0.2653376347643864,True,False,小步扩量观察
2026-07-01,MJ-0171,漫剧品牌G-账号-0171,漫剧品牌G,44225,986,460.31038,460.25,0.022295081967213116,10.408374901074053,0.4668462271805274,0.0,0.0,461.25,1.0020412748458984,461.25,1.0020412748458984,9961,21.63974664225473,0.22523459581684568,0.022295081967213116,0.4668462271805274,10.408374901074053,1.0020412748458984,1.0020412748458984,0.04621126192149383,0.22523459581684568,True,False,小步扩量观察
2026-07-01,MJ-0136,漫剧品牌D-账号-0136,漫剧品牌D,46546,2059,459.24681,459.16,0.044235809736604646,9.866515060370386,0.22304361826129188,0.0,0.0,456.31,0.9936051597179304,456.31,0.9936051597179304,9061,19.730131603962583,0.19466764061358657,0.044235809736604646,0.22304361826129188,9.866515060370386,0.9936051597179304,0.9936051597179304,0.05068389912813155,0.19466764061358657,True,False,低效清理候选
2026-07-01,MJ-0084,漫剧品牌D-账号-0084,漫剧品牌D,41351,2377,454.13996,454.02,0.057483494957800294,10.982562936809266,0.19105593605384938,0.0,0.0,478.68,1.0540362931286646,478.68,1.0540362931286646,12001,26.42577411597958,0.290222727382651,0.057483494957800294,0.19105593605384938,10.982562936809266,1.0540362931286646,1.0540362931286646,0.03784184317973502,0.290222727382651,True,False,小步扩量观察
2026-07-01,MJ-0511,漫剧品牌D-账号-0511,漫剧品牌D,42301,3012,428.47353,428.35,0.07120399044939836,10.129158412330678,0.14225548804780877,0.0,0.0,466.79,1.089425524139146,466.79,1.089425524139146,10651,24.8580116489343,0.25179073780761685,0.07120399044939836,0.14225548804780877,10.129158412330678,1.089425524139146,1.089425524139146,0.04022847901605483,0.25179073780761685,True,False,小步扩量观察
2026-07-01,MJ-0020,漫剧品牌C-账号-0020,漫剧品牌C,41300,2081,425.21521,425.09,0.05038740920096852,10.29576779661017,0.2043321528111485,0.0,0.0,417.03,0.9807504298823176,417.03,0.9807504298823176,9419,22.151136127044936,0.22806295399515739,0.05038740920096852,0.2043321528111485,10.29576779661017,0.9807504298823176,0.9807504298823176,0.04514441129631596,0.22806295399515739,True,False,低效清理候选
2026-07-01,MJ-0437,漫剧品牌G-账号-0437,漫剧品牌G,23935,1766,423.7592,423.64,0.07378316273240025,17.704583246292042,0.23995424688561723,0.0,0.0,432.54,1.0207212020411591,432.54,1.0207212020411591,5126,12.096492536327235,0.21416335909755588,0.07378316273240025,0.23995424688561723,17.704583246292042,1.0207212020411591,1.0207212020411591,0.08266859149434257,0.21416335909755588,True,False,小步扩量观察
2026-07-01,MJ-0357,漫剧品牌C-账号-0357,漫剧品牌C,37469,1892,421.24653,421.19,0.050495075929435,11.242534628626332,0.2226461575052854,0.0,0.0,441.53,1.0481510672622039,441.53,1.0481510672622039,7225,17.151476594952605,0.19282606955082868,0.050495075929435,0.2226461575052854,11.242534628626332,1.0481510672622039,1.0481510672622039,0.058304017993079583,0.19282606955082868,True,False,小步扩量观察
2026-07-01,MJ-0169,漫剧品牌G-账号-0169,漫剧品牌G,31661,1346,409.88565,409.83,0.04251287072423486,12.946074034300874,0.3045212852897474,0.0,0.0,396.21,0.9666354506433684,396.21,0.9666354506433684,8524,20.796043969824268,0.26922712485392125,0.04251287072423486,0.3045212852897474,12.946074034300874,0.9666354506433684,0.9666354506433684,0.048086068747067105,0.26922712485392125,True,False,低效清理候选
2026-07-01,MJ-0168,漫剧品牌D-账号-0168,漫剧品牌D,32861,1760,407.47697,407.4,0.05355893003864764,12.400017345789843,0.2315210056818182,0.0,0.0,408.23,1.0018480308224536,408.23,1.0018480308224536,6944,17.041453901063417,0.21131432397066433,0.05355893003864764,0.2315210056818182,12.400017345789843,1.0018480308224536,1.0018480308224536,0.0586804392281106,0.21131432397066433,True,False,小步扩量观察
2026-07-01,MJ-0354,漫剧品牌C-账号-0354,漫剧品牌C,48231,2606,406.99323,406.84,0.05403163940204433,8.438415749206941,0.15617545280122794,0.0,0.0,430.57,1.0579291454061779,430.57,1.0579291454061779,8079,19.85045304070537,0.16750637556758102,0.05403163940204433,0.15617545280122794,8.438415749206941,1.0579291454061779,1.0579291454061779,0.050376683995544,0.16750637556758102,True,False,小步扩量观察
2026-07-01,MJ-0143,漫剧品牌D-账号-0143,漫剧品牌D,32426,1286,389.0271,388.98,0.03965953247394066,11.997381730709925,0.3025094090202177,0.0,0.0,379.57,0.975690382495204,379.57,0.975690382495204,7970,20.487004632839202,0.24579041509899463,0.03965953247394066,0.3025094090202177,11.997381730709925,0.975690382495204,0.975690382495204,0.0488114303638645,0.24579041509899463,True,False,低效清理候选
2026-07-01,MJ-0021,漫剧品牌B-账号-0021,漫剧品牌B,56691,4258,388.35091,388.27,0.07510892381506765,6.850309749342929,0.09120500469704086,96.04,96.04,256.33,0.6600473782847579,352.36,0.9073237397589722,7047,18.14595979702996,0.12430544530877917,0.07510892381506765,0.09120500469704086,6.850309749342929,0.6600473782847579,0.9073237397589722,0.05510868596565915,0.12430544530877917,True,False,低效清理候选
2026-07-01,MJ-0538,漫剧品牌D-账号-0538,漫剧品牌D,43139,2038,388.05928,387.98,0.04724263427524977,8.995555761607825,0.19041181550539746,0.0,0.0,424.08,1.0928227254351448,424.08,1.0928227254351448,10574,27.24841421135451,0.24511462945362664,0.04724263427524977,0.19041181550539746,8.995555761607825,1.0928227254351448,1.0928227254351448,0.036699383393228674,0.24511462945362664,True,False,小步扩量观察
2026-07-01,MJ-0307,漫剧品牌F-账号-0307,漫剧品牌F,105026,4940,383.54844,383.45,0.04703597204501742,3.651937996305677,0.07764138461538463,0.0,0.0,315.83,0.8234422749835717,315.83,0.8234422749835717,0,0.0,0.0,0.04703597204501742,0.07764138461538463,3.651937996305677,0.8234422749835717,0.8234422749835717,,0.0,True,False,低效清理候选
2026-07-01,MJ-0300,漫剧品牌G-账号-0300,漫剧品牌G,36974,2386,382.22605,382.09,0.06453183318007248,10.337698112186942,0.16019532690695726,0.0,0.0,402.6,1.0533034051446781,402.6,1.0533034051446781,7583,19.83904550723322,0.2050900632877157,0.06453183318007248,0.16019532690695726,10.337698112186942,1.0533034051446781,1.0533034051446781,0.050405650797837265,0.2050900632877157,True,False,小步扩量观察
2026-07-01,MJ-0378,漫剧品牌C-账号-0378,漫剧品牌C,44877,1689,382.16421,382.06,0.0376362056287185,8.515814559796778,0.22626655417406752,0.0,0.0,389.45,1.0190645534284855,389.45,1.0190645534284855,7220,18.892402300047927,0.1608841945762863,0.0376362056287185,0.22626655417406752,8.515814559796778,1.0190645534284855,1.0190645534284855,0.05293133102493075,0.1608841945762863,True,False,小步扩量观察
2026-07-01,MJ-0453,漫剧品牌G-账号-0453,漫剧品牌G,29639,1700,381.10115,381.01,0.05735686089274267,12.85809743918486,0.22417714705882355,0.0,0.0,396.11,1.0393828515080576,396.11,1.0393828515080576,5916,15.523437806472113,0.1996018759067445,0.05735686089274267,0.22417714705882355,12.85809743918486,1.0393828515080576,1.0393828515080576,0.06441872041920217,0.1996018759067445,True,False,小步扩量观察
2026-07-01,MJ-0035,漫剧品牌C-账号-0035,漫剧品牌C,299849,3309,379.25314,379.15,0.011035554562463107,1.264813756257316,0.11461261408280446,0.0,0.0,414.03,1.0916982783583544,414.03,1.0916982783583544,7161,18.881847622935965,0.023882020617043913,0.011035554562463107,0.11461261408280446,1.264813756257316,1.0916982783583544,1.0916982783583544,0.052960918866080155,0.023882020617043913,True,False,小步扩量观察
2026-07-01,MJ-0092,漫剧品牌D-账号-0092,漫剧品牌D,39135,1803,378.24487,378.14,0.046071291682637024,9.66513019036668,0.20978639489739323,0.0,0.0,410.41,1.0850378486296457,410.41,1.0850378486296457,11910,31.487538747055577,0.3043311613645075,0.046071291682637024,0.20978639489739323,9.66513019036668,1.0850378486296457,1.0850378486296457,0.03175859529806885,0.3043311613645075,True,False,小步扩量观察
2026-07-01,MJ-0347,漫剧品牌D-账号-0347,漫剧品牌D,18119,1100,375.5523,375.42,0.06070975219382968,20.726988244384348,0.3414111818181818,0.0,0.0,357.46,0.9518248190731357,357.46,0.9518248190731357,3904,10.395356385781687,0.2154644296042828,0.06070975219382968,0.3414111818181818,20.726988244384348,0.9518248190731357,0.9518248190731357,0.0961967981557377,0.2154644296042828,True,False,低效清理候选
2026-07-01,MJ-0103,漫剧品牌C-账号-0103,漫剧品牌C,41857,555,367.70458,367.61,0.013259430919559452,8.784781040208328,0.6625307747747748,0.0,0.0,404.88,1.1011013243294385,404.88,1.1011013243294385,8416,22.88793900799386,0.2010655326468691,0.013259430919559452,0.6625307747747748,8.784781040208328,1.1011013243294385,1.1011013243294385,0.043691133555133085,0.2010655326468691,True,False,小步扩量观察
2026-07-01,MJ-0201,漫剧品牌G-账号-0201,漫剧品牌G,30993,1691,361.37452,361.28,0.05456070725647727,11.659875455748073,0.2137046244825547,0.0,0.0,385.38,1.066428258417334,385.38,1.066428258417334,6233,17.248033978709955,0.20110992804826897,0.05456070725647727,0.2137046244825547,11.659875455748073,1.066428258417334,1.066428258417334,0.05797762233274507,0.20110992804826897,True,False,小步扩量观察
2026-07-01,MJ-0517,漫剧品牌F-账号-0517,漫剧品牌F,40178,953,360.50931,360.41,0.02371944845437802,8.97280377320922,0.3782888877229801,0.0,0.0,395.42,1.0968371385471294,395.42,1.0968371385471294,8008,22.21301857641346,0.1993130568968092,0.02371944845437802,0.3782888877229801,8.97280377320922,1.0968371385471294,1.0968371385471294,0.04501864510489511,0.1993130568968092,True,False,小步扩量观察
2026-07-01,MJ-0166,漫剧品牌D-账号-0166,漫剧品牌D,29122,1864,360.22397,360.14,0.06400659295378065,12.369479087974728,0.19325320278969957,0.0,0.0,354.01,0.9827497043020207,354.01,0.9827497043020207,4814,13.363908015338346,0.1653045807293455,0.06400659295378065,0.19325320278969957,12.369479087974728,0.9827497043020207,0.9827497043020207,0.07482841088491898,0.1653045807293455,True,False,低效清理候选
2026-07-01,MJ-0485,漫剧品牌H-账号-0485,漫剧品牌H,35316,1150,356.43841,356.32,0.03256314418393929,10.092830728281799,0.30994644347826084,0.0,0.0,401.62,1.1267584770114984,401.62,1.1267584770114984,7441,20.875976862314026,0.21069770075886285,0.03256314418393929,0.30994644347826084,10.092830728281799,1.1267584770114984,1.1267584770114984,0.047901950006719526,0.21069770075886285,True,False,小步扩量观察
2026-07-01,MJ-0233,漫剧品牌G-账号-0233,漫剧品牌G,28363,1327,350.95353,350.84,0.04678630610302154,12.373639248316469,0.26447138658628483,0.0,0.0,364.85,1.0395963249037559,364.85,1.0395963249037559,8502,24.225429503444516,0.2997567253111448,0.04678630610302154,0.26447138658628483,12.373639248316469,1.0395963249037559,1.0395963249037559,0.04127893789696542,0.2997567253111448,True,False,小步扩量观察
2026-07-01,MJ-0372,漫剧品牌C-账号-0372,漫剧品牌C,46113,2121,350.72834,350.64,0.04599570619998699,7.605845206340945,0.1653598962753418,0.0,0.0,371.59,1.0594809646691226,371.59,1.0594809646691226,7392,21.076141152437238,0.1603018671524299,0.04599570619998699,0.1653598962753418,7.605845206340945,1.0594809646691226,1.0594809646691226,0.04744701569264069,0.1603018671524299,True,False,小步扩量观察
2026-07-01,MJ-0197,漫剧品牌G-账号-0197,漫剧品牌G,27105,2196,347.554,347.48,0.08101826231322634,12.822505072864784,0.15826684881602912,0.0,0.0,400.88,1.1534322723950812,400.88,1.1534322723950812,5355,15.407677655846287,0.1975650249031544,0.08101826231322634,0.15826684881602912,12.822505072864784,1.1534322723950812,1.1534322723950812,0.06490270774976657,0.1975650249031544,True,False,小步扩量观察
2026-07-01,MJ-0057,漫剧品牌D-账号-0057,漫剧品牌D,25500,1932,347.38078,347.27,0.07576470588235294,13.62277568627451,0.17980371635610767,0.0,0.0,370.16,1.065574209373357,370.16,1.065574209373357,6390,18.394800080764398,0.25058823529411767,0.07576470588235294,0.17980371635610767,13.62277568627451,1.065574209373357,1.065574209373357,0.054363189358372456,0.25058823529411767,True,False,小步扩量观察
2026-07-01,MJ-0159,漫剧品牌D-账号-0159,漫剧品牌D,47412,1453,344.22097,344.12,0.030646249894541466,7.2602077533113984,0.23690362697866485,0.0,0.0,350.46,1.0181250723917254,350.46,1.0181250723917254,8082,23.479104134765524,0.17046317388003038,0.030646249894541466,0.23690362697866485,7.2602077533113984,1.0181250723917254,1.0181250723917254,0.042591062855728785,0.17046317388003038,True,False,小步扩量观察
2026-07-01,MJ-0065,漫剧品牌D-账号-0065,漫剧品牌D,25129,1484,342.3293,342.23,0.05905527478212424,13.62287794977914,0.23068012129380053,0.0,0.0,354.43,1.0353481282496124,354.43,1.0353481282496124,6358,18.57276020486707,0.2530144454614191,0.05905527478212424,0.23068012129380053,13.62287794977914,1.0353481282496124,1.0353481282496124,0.05384229317395407,0.2530144454614191,True,False,小步扩量观察
2026-07-01,MJ-0325,漫剧品牌E-账号-0325,漫剧品牌E,27809,1979,337.03817,337.0,0.07116401165090439,12.119751519292315,0.17030731177362304,61.9,61.9,252.59,0.7494403378703368,314.49,0.9330990611538154,5261,15.609507967599042,0.18918335790571397,0.07116401165090439,0.17030731177362304,12.119751519292315,0.7494403378703368,0.9330990611538154,0.06406351834252043,0.18918335790571397,True,False,低效清理候选
2026-07-01,MJ-0440,漫剧品牌G-账号-0440,漫剧品牌G,22211,1572,333.8161,333.71,0.07077574174958354,15.02931430372338,0.2123512086513995,0.0,0.0,380.7,1.1404482887434129,380.7,1.1404482887434129,3808,11.407478548817748,0.1714465805231642,0.07077574174958354,0.2123512086513995,15.02931430372338,1.1404482887434129,1.1404482887434129,0.08766179096638656,0.1714465805231642,True,False,小步扩量观察
2026-07-01,MJ-0130,漫剧品牌C-账号-0130,漫剧品牌C,22104,544,330.34915,330.28,0.024610930148389432,14.945220322113645,0.6072594669117647,0.0,0.0,344.75,1.0435928168726936,344.75,1.0435928168726936,4989,15.10220322952246,0.2257057546145494,0.024610930148389432,0.6072594669117647,14.945220322113645,1.0435928168726936,1.0435928168726936,0.06621550410903988,0.2257057546145494,True,False,小步扩量观察
2026-07-01,MJ-0493,漫剧品牌D-账号-0493,漫剧品牌D,12868,827,329.09628,329.03,0.06426795150761579,25.574780851725208,0.3979398790810157,0.0,0.0,322.14,0.9788624775703937,322.14,0.9788624775703937,3447,10.474138449696241,0.2678737954616102,0.06426795150761579,0.3979398790810157,25.574780851725208,0.9788624775703937,0.9788624775703937,0.09547324630113141,0.2678737954616102,True,False,低效清理候选
2026-07-01,MJ-0095,漫剧品牌D-账号-0095,漫剧品牌D,19307,1597,323.46154,323.36,0.08271611332677267,16.753588853783604,0.20254323105823419,0.0,0.0,342.68,1.0594149771252557,342.68,1.0594149771252557,3983,12.313674138817245,0.20629823380121198,0.08271611332677267,0.20254323105823419,16.753588853783604,1.0594149771252557,1.0594149771252557,0.08121052975144363,0.20629823380121198,True,False,小步扩量观察
2026-07-01,MJ-0216,漫剧品牌G-账号-0216,漫剧品牌G,40584,1297,323.33709,323.27,0.031958407254090285,7.967107480780602,0.2492961372397841,0.0,0.0,363.65,1.1246776545183852,363.65,1.1246776545183852,8132,25.1502232546226,0.20037453183520598,0.031958407254090285,0.2492961372397841,7.967107480780602,1.1246776545183852,1.1246776545183852,0.0397610784554845,0.20037453183520598,True,False,小步扩量观察
2026-07-01,MJ-0313,漫剧品牌E-账号-0313,漫剧品牌E,13402,4895,305.89073,305.87,0.36524399343381586,22.824259811968364,0.06249044535240041,0.0,0.0,233.7,0.7639983075001978,233.7,0.7639983075001978,2501,8.176122238160012,0.1866139382181764,0.36524399343381586,0.06249044535240041,22.824259811968364,0.7639983075001978,0.7639983075001978,0.12230736905237906,0.1866139382181764,True,False,低效清理候选
2026-07-01,MJ-0285,漫剧品牌C-账号-0285,漫剧品牌C,34426,3007,303.73944,303.62,0.08734677278800906,8.822966362632894,0.10101078816095777,0.0,0.0,309.23,1.0180765461344106,309.23,1.0180765461344106,4384,14.43342359490753,0.1273456108755011,0.08734677278800906,0.10101078816095777,8.822966362632894,1.0180765461344106,1.0180765461344106,0.06928363138686132,0.1273456108755011,True,False,小步扩量观察
2026-07-01,MJ-0116,漫剧品牌C-账号-0116,漫剧品牌C,24618,533,299.22025,299.13,0.02165082459988626,12.154531237306037,0.5613888367729831,0.0,0.0,291.24,0.9733298464926755,291.24,0.9733298464926755,5267,17.602418285527133,0.2139491429035665,0.02165082459988626,0.5613888367729831,12.154531237306037,0.9733298464926755,0.9733298464926755,0.056810375925574336,0.2139491429035665,True,False,低效清理候选
2026-07-01,MJ-0284,漫剧品牌F-账号-0284,漫剧品牌F,42209,656,296.33058,296.23,0.015541709114169964,7.020554384136085,0.45172344512195123,0.0,0.0,276.86,0.9342943951312754,276.86,0.9342943951312754,7646,25.802264484482162,0.18114620104717002,0.015541709114169964,0.45172344512195123,7.020554384136085,0.9342943951312754,0.9342943951312754,0.03875628825529689,0.18114620104717002,True,False,低效清理候选
2026-07-01,MJ-0293,漫剧品牌G-账号-0293,漫剧品牌G,41424,2161,292.89522,292.78,0.05216782541521823,7.0706648319814605,0.1355368903285516,0.0,0.0,313.42,1.070075503451371,313.42,1.070075503451371,5744,19.611108709797314,0.13866357667052917,0.05216782541521823,0.1355368903285516,7.0706648319814605,1.070075503451371,1.070075503451371,0.05099150766016713,0.13866357667052917,True,False,小步扩量观察
2026-07-01,MJ-0301,漫剧品牌F-账号-0301,漫剧品牌F,33580,853,292.59007,292.5,0.025402025014889817,8.713224240619416,0.34301297772567413,0.0,0.0,285.9,0.977135006666494,285.9,0.977135006666494,8183,27.967456311829036,0.24368671828469327,0.025402025014889817,0.34301297772567413,8.713224240619416,0.977135006666494,0.977135006666494,0.03575584382255897,0.24368671828469327,True,False,低效清理候选
2026-07-01,MJ-0110,漫剧品牌C-账号-0110,漫剧品牌C,175065,1028,280.02054,279.89,0.005872104646845458,1.599523262788107,0.2723935214007782,0.0,0.0,279.95,0.999748089907976,279.95,0.999748089907976,7550,26.962307836418002,0.043126838602804675,0.005872104646845458,0.2723935214007782,1.599523262788107,0.999748089907976,0.999748089907976,0.03708881324503311,0.043126838602804675,True,False,低效清理候选
2026-07-01,MJ-0431,漫剧品牌G-账号-0431,漫剧品牌G,17946,1392,276.09584,276.0,0.07756603142761619,15.384812214421041,0.19834471264367817,0.0,0.0,293.76,1.0639783634552407,293.76,1.0639783634552407,4408,15.965470540954184,0.24562576618745124,0.07756603142761619,0.19834471264367817,15.384812214421041,1.0639783634552407,1.0639783634552407,0.0626351724137931,0.24562576618745124,True,False,小步扩量观察
2026-07-01,MJ-0069,漫剧品牌D-账号-0069,漫剧品牌D,18138,1236,274.62695,274.52,0.06814422758848826,15.140971992501932,0.22219008899676376,0.0,0.0,298.46,1.0867833619388045,298.46,1.0867833619388045,4332,15.774125591097304,0.23883559378101224,0.06814422758848826,0.22219008899676376,15.140971992501932,1.0867833619388045,1.0867833619388045,0.06339495614035089,0.23883559378101224,True,False,小步扩量观察
2026-07-01,MJ-0327,漫剧品牌E-账号-0327,漫剧品牌E,12964,3697,270.41039,270.37,0.28517432891083,20.858561400802223,0.07314319448201244,58.83,58.83,164.41,0.6080017857302007,223.23,0.8255230133723781,2486,9.193433728637423,0.1917618019129898,0.28517432891083,0.07314319448201244,20.858561400802223,0.6080017857302007,0.8255230133723781,0.10877328640386162,0.1917618019129898,True,False,低效清理候选
2026-07-01,MJ-0217,漫剧品牌G-账号-0217,漫剧品牌G,28882,1136,269.562,269.46,0.03933245620109411,9.333217921196594,0.23729049295774648,0.0,0.0,266.05,0.9869714574012658,266.05,0.9869714574012658,6965,25.838211617364465,0.24115365971885602,0.03933245620109411,0.23729049295774648,9.333217921196594,0.9869714574012658,0.9869714574012658,0.038702368987796124,0.24115365971885602,True,False,低效清理候选
2026-07-01,MJ-0176,漫剧品牌G-账号-0176,漫剧品牌G,20449,878,267.29305,267.22,0.042936084894126855,13.07120397085432,0.3044339977220957,0.0,0.0,260.94,0.9762318922994818,260.94,0.9762318922994818,5149,19.263501239557108,0.25179715389505597,0.042936084894126855,0.3044339977220957,13.07120397085432,0.9762318922994818,0.9762318922994818,0.051911643037483,0.25179715389505597,True,False,低效清理候选
2026-07-01,MJ-0160,漫剧品牌D-账号-0160,漫剧品牌D,22387,799,266.473,266.36,0.035690356010184485,11.903024076472953,0.3335081351689612,0.0,0.0,252.03,0.9457993868046668,252.03,0.9457993868046668,5442,20.422331718410494,0.2430875061419574,0.035690356010184485,0.3335081351689612,11.903024076472953,0.9457993868046668,0.9457993868046668,0.04896600514516722,0.2430875061419574,True,False,低效清理候选
2026-07-01,MJ-0139,漫剧品牌D-账号-0139,漫剧品牌D,41503,1316,266.21636,266.14,0.03170855118907067,6.414388357468135,0.20229206686930093,0.0,0.0,284.13,1.0672897788851143,284.13,1.0672897788851143,6745,25.336534539049364,0.16251837216586754,0.03170855118907067,0.20229206686930093,6.414388357468135,1.0672897788851143,1.0672897788851143,0.03946869681245367,0.16251837216586754,True,False,小步扩量观察
2026-07-01,MJ-0199,漫剧品牌G-账号-0199,漫剧品牌G,26724,315,254.53001,254.44,0.011787157611136058,9.524397919473133,0.8080317777777778,0.0,0.0,259.53,1.0196440097574349,259.53,1.0196440097574349,6414,25.199386115609705,0.24000898069151325,0.011787157611136058,0.8080317777777778,9.524397919473133,1.0196440097574349,1.0196440097574349,0.039683506392266914,0.24000898069151325,True,False,小步扩量观察
2026-07-01,MJ-0277,漫剧品牌D-账号-0277,漫剧品牌D,16921,1016,253.81802,253.72,0.0600437326399149,15.000178476449381,0.24982088582677164,0.0,0.0,269.87,1.0632420818663704,269.87,1.0632420818663704,3716,14.640410479917856,0.2196087701672478,0.0600437326399149,0.24982088582677164,15.000178476449381,1.0632420818663704,1.0632420818663704,0.06830409580193757,0.2196087701672478,True,False,小步扩量观察
2026-07-01,MJ-0071,漫剧品牌D-账号-0071,漫剧品牌D,30235,1842,250.71731,250.61,0.060922771622292045,8.29228741524723,0.13611146036916394,0.0,0.0,259.95,1.0368250999502189,259.95,1.0368250999502189,7129,28.434414839565726,0.23578634033404994,0.060922771622292045,0.13611146036916394,8.29228741524723,1.0368250999502189,1.0368250999502189,0.035168650582129334,0.23578634033404994,True,False,小步扩量观察
2026-07-01,MJ-0238,漫剧品牌G-账号-0238,漫剧品牌G,18868,997,249.86256,249.74,0.05284078863684545,13.242662709349164,0.2506144032096289,0.0,0.0,261.03,1.044694331155496,261.03,1.044694331155496,5381,21.53583954314724,0.28519185923256307,0.05284078863684545,0.2506144032096289,13.242662709349164,1.044694331155496,1.044694331155496,0.04643422412191043,0.28519185923256307,True,False,小步扩量观察
2026-07-01,MJ-0430,漫剧品牌D-账号-0430,漫剧品牌D,23961,519,249.66342,249.61,0.02166019782145987,10.419574308250908,0.48104705202312137,0.0,0.0,236.14,0.9458333944155695,236.14,0.9458333944155695,5377,21.536995688034715,0.2244063269479571,0.02166019782145987,0.48104705202312137,10.419574308250908,0.9458333944155695,0.9458333944155695,0.04643173144876325,0.2244063269479571,True,False,低效清理候选
2026-07-01,MJ-0520,漫剧品牌G-账号-0520,漫剧品牌G,14630,860,241.26771,241.15,0.05878332194121668,16.4912993848257,0.2805438488372093,0.0,0.0,249.29,1.0332505746417537,249.29,1.0332505746417537,3320,13.760647871196689,0.22693096377306904,0.05878332194121668,0.2805438488372093,16.4912993848257,1.0332505746417537,1.0332505746417537,0.0726709969879518,0.22693096377306904,True,False,小步扩量观察
2026-07-01,MJ-0298,漫剧品牌F-账号-0298,漫剧品牌F,32578,273,240.48821,240.37,0.008379888268156424,7.381920621278163,0.8809091941391942,0.0,0.0,237.63,0.9881149682971984,237.63,0.9881149682971984,7164,29.78940214990165,0.21990300202590704,0.008379888268156424,0.8809091941391942,7.381920621278163,0.9881149682971984,0.9881149682971984,0.03356898520379676,0.21990300202590704,True,False,低效清理候选
2026-07-01,MJ-0280,漫剧品牌F-账号-0280,漫剧品牌F,29654,449,237.9581,237.86,0.015141296283806569,8.024485735482566,0.5299734966592428,0.0,0.0,237.1,0.996393902960227,237.1,0.996393902960227,6096,25.617955429968553,0.20557091792001078,0.015141296283806569,0.5299734966592428,8.024485735482566,0.996393902960227,0.996393902960227,0.039035121391076115,0.20557091792001078,True,False,低效清理候选
2026-07-01,MJ-0481,漫剧品牌H-账号-0481,漫剧品牌H,28285,1119,232.08135,231.99,0.03956160509103765,8.205103411702314,0.20740067024128686,0.0,0.0,228.49,0.9845254691943149,228.49,0.9845254691943149,8043,34.65595145840026,0.2843556655471098,0.03956160509103765,0.20740067024128686,8.205103411702314,0.9845254691943149,0.9845254691943149,0.028855072734054455,0.2843556655471098,True,False,低效清理候选
2026-07-01,MJ-0534,漫剧品牌F-账号-0534,漫剧品牌F,23188,783,229.68256,229.59,0.03376746593065379,9.905233741590477,0.29333660280970625,0.0,0.0,235.34,1.0246315610553975,235.34,1.0246315610553975,5123,22.304697404974938,0.22093324133172332,0.03376746593065379,0.29333660280970625,9.905233741590477,1.0246315610553975,1.0246315610553975,0.04483360530938903,0.22093324133172332,True,False,小步扩量观察
2026-07-01,MJ-0540,漫剧品牌F-账号-0540,漫剧品牌F,18293,426,228.34604,228.27,0.023287596348329963,12.4827004865249,0.5360235680751173,0.0,0.0,211.34,0.9255251371996642,211.34,0.9255251371996642,3618,15.844373740836495,0.19778057180342207,0.023287596348329963,0.5360235680751173,12.4827004865249,0.9255251371996642,0.9255251371996642,0.06311388612493089,0.19778057180342207,True,False,低效清理候选
2026-07-01,MJ-0367,漫剧品牌C-账号-0367,漫剧品牌C,23924,479,228.00167,227.9,0.0200217354957365,9.530248704230061,0.4759951356993737,0.0,0.0,217.86,0.9555193170295639,217.86,0.9555193170295639,5004,21.947207667382436,0.20916234743353954,0.0200217354957365,0.4759951356993737,9.530248704230061,0.9555193170295639,0.9555193170295639,0.04556388289368505,0.20916234743353954,True,False,低效清理候选
2026-07-01,MJ-0093,漫剧品牌D-账号-0093,漫剧品牌D,15360,1172,223.92205,223.8,0.07630208333333334,14.578258463541667,0.19105976962457338,0.0,0.0,255.36,1.1403968479209619,255.36,1.1403968479209619,3236,14.451457549624969,0.21067708333333332,0.07630208333333334,0.19105976962457338,14.578258463541667,1.1403968479209619,1.1403968479209619,0.06919717243510508,0.21067708333333332,True,False,小步扩量观察
2026-07-01,MJ-0076,漫剧品牌D-账号-0076,漫剧品牌D,40305,899,220.38431,220.31,0.022304924947277014,5.467914898895919,0.24514383759733036,0.0,0.0,219.55,0.9962142949287089,219.55,0.9962142949287089,5060,22.95989219922235,0.12554273663317206,0.022304924947277014,0.24514383759733036,5.467914898895919,0.9962142949287089,0.9962142949287089,0.043554211462450594,0.12554273663317206,True,False,低效清理候选
2026-07-01,MJ-0086,漫剧品牌D-账号-0086,漫剧品牌D,31522,638,213.46321,213.37,0.020239832497937947,6.771880274094284,0.33458183385579937,0.0,0.0,210.14,0.9844319309168076,210.14,0.9844319309168076,4401,20.617135852121777,0.1396167755853055,0.020239832497937947,0.33458183385579937,6.771880274094284,0.9844319309168076,0.9844319309168076,0.04850334242217678,0.1396167755853055,True,False,低效清理候选
2026-07-01,MJ-0121,漫剧品牌C-账号-0121,漫剧品牌C,210814,670,205.08926,204.97,0.0031781570483933705,0.9728445928638515,0.30610337313432834,0.0,0.0,212.98,1.0384746622031793,212.98,1.0384746622031793,5277,25.730260082853682,0.025031544394584798,0.0031781570483933705,0.30610337313432834,0.9728445928638515,1.0384746622031793,1.0384746622031793,0.03886474512033352,0.025031544394584798,True,False,小步扩量观察
2026-07-01,MJ-0220,漫剧品牌G-账号-0220,漫剧品牌G,13864,549,204.25289,204.15,0.039598961338718985,14.732608915175994,0.3720453369763206,0.0,0.0,192.53,0.9426060018049194,192.53,0.9426060018049194,3151,15.426954301601313,0.2272792844777842,0.039598961338718985,0.3720453369763206,14.732608915175994,0.9426060018049194,0.9426060018049194,0.06482160901301175,0.2272792844777842,True,False,低效清理候选
2026-07-01,MJ-0211,漫剧品牌G-账号-0211,漫剧品牌G,20297,513,200.07373,200.02,0.025274671133665074,9.85730551313002,0.39000727095516574,0.0,0.0,180.53,0.902317360704976,180.53,0.902317360704976,4627,23.12647442520315,0.2279647238508154,0.025274671133665074,0.39000727095516574,9.85730551313002,0.902317360704976,0.902317360704976,0.04324048627620489,0.2279647238508154,True,False,低效清理候选
2026-07-01,MJ-0196,漫剧品牌G-账号-0196,漫剧品牌G,15112,716,198.90488,198.81,0.04737956590788777,13.16204870301747,0.27780011173184355,0.0,0.0,202.74,1.019281176007346,202.74,1.019281176007346,3351,16.847248795504665,0.2217443091582848,0.04737956590788777,0.27780011173184355,13.16204870301747,1.019281176007346,1.019281176007346,0.05935687257535064,0.2217443091582848,True,False,小步扩量观察
2026-07-01,MJ-0542,漫剧品牌H-账号-0542,漫剧品牌H,25686,615,197.23361,197.18,0.023943003971034806,7.678642451140699,0.3207050569105691,0.0,0.0,204.8,1.0383625792784505,204.8,1.0383625792784505,5950,30.167272200716702,0.23164369695554,0.023943003971034806,0.3207050569105691,7.678642451140699,1.0383625792784505,1.0383625792784505,0.03314850588235294,0.23164369695554,True,False,小步扩量观察
2026-07-01,MJ-0212,漫剧品牌G-账号-0212,漫剧品牌G,19841,385,195.2695,195.22,0.01940426389798901,9.841716647346404,0.5071935064935065,0.0,0.0,185.11,0.9479719054947138,185.11,0.9479719054947138,4780,24.47898929428303,0.2409152764477597,0.01940426389798901,0.5071935064935065,9.841716647346404,0.9479719054947138,0.9479719054947138,0.040851359832635985,0.2409152764477597,True,False,低效清理候选
2026-07-01,MJ-0427,漫剧品牌G-账号-0427,漫剧品牌G,22574,1794,195.04553,194.95,0.07947195889075928,8.640273323292284,0.10872103121516166,0.0,0.0,198.88,1.0196593585097797,198.88,1.0196593585097797,6078,31.161954852285,0.2692478072118366,0.07947195889075928,0.10872103121516166,8.640273323292284,1.0196593585097797,1.0196593585097797,0.03209041296479105,0.2692478072118366,True,False,小步扩量观察
2026-07-01,MJ-0223,漫剧品牌G-账号-0223,漫剧品牌G,17753,577,194.65204,194.57,0.03250154903396609,10.964458964682025,0.3373518890814558,0.0,0.0,178.86,0.918870411016499,178.86,0.918870411016499,4312,22.15234939227968,0.24288852588294937,0.03250154903396609,0.3373518890814558,10.964458964682025,0.918870411016499,0.918870411016499,0.045141938775510204,0.24288852588294937,True,False,低效清理候选
2026-07-01,MJ-0206,漫剧品牌G-账号-0206,漫剧品牌G,16323,601,194.46896,194.41,0.03681921215462844,11.913800159284445,0.3235756405990017,0.0,0.0,205.59,1.0571867098996157,205.59,1.0571867098996157,3300,16.96928908346093,0.2021687189854806,0.03681921215462844,0.3235756405990017,11.913800159284445,1.0571867098996157,1.0571867098996157,0.05892998787878788,0.2021687189854806,True,False,小步扩量观察
2026-07-01,MJ-0004,漫剧品牌F-账号-0004,漫剧品牌F,18463,678,194.4601,194.36,0.03672209283431728,10.532421599956672,0.2868143067846608,0.0,0.0,199.66,1.0267401898898538,199.66,1.0267401898898538,5285,27.177811797895814,0.2862481720197151,0.03672209283431728,0.2868143067846608,10.532421599956672,1.0267401898898538,1.0267401898898538,0.03679472090823084,0.2862481720197151,True,False,小步扩量观察
2026-07-01,MJ-0230,漫剧品牌B-账号-0230,漫剧品牌B,32768,1831,190.72952,190.65,0.055877685546875,5.820603027343751,0.10416685963954124,36.22,36.22,146.42,0.7676839956394793,182.64,0.9575864292008913,3009,15.77626787924596,0.091827392578125,0.055877685546875,0.10416685963954124,5.820603027343751,0.7676839956394793,0.9575864292008913,0.06338634762379529,0.091827392578125,True,False,低效清理候选
2026-07-01,MJ-0530,漫剧品牌H-账号-0530,漫剧品牌H,29057,594,189.08092,189.04,0.020442578380424684,6.507241628523247,0.3183180471380471,0.0,0.0,204.87,1.0835043535857558,204.87,1.0835043535857558,5493,29.051053908559364,0.18904222734625048,0.020442578380424684,0.3183180471380471,6.507241628523247,1.0835043535857558,1.0835043535857558,0.03442215911159657,0.18904222734625048,True,False,小步扩量观察
2026-07-01,MJ-0153,漫剧品牌D-账号-0153,漫剧品牌D,13371,433,186.70776,186.64,0.03238351656570189,13.963634731882433,0.4311957505773672,0.0,0.0,178.59,0.9565215714654817,178.59,0.9565215714654817,3982,21.327447771854796,0.2978086904494802,0.03238351656570189,0.4311957505773672,13.963634731882433,0.9565215714654817,0.9565215714654817,0.046887935710698145,0.2978086904494802,True,False,低效清理候选
2026-07-01,MJ-0145,漫剧品牌D-账号-0145,漫剧品牌D,18938,760,184.49897,184.42,0.04013095363818777,9.742262646530785,0.24276180263157895,0.0,0.0,179.56,0.9732303654594927,179.56,0.9732303654594927,3983,21.588196400229226,0.21031787939592353,0.04013095363818777,0.24276180263157895,9.742262646530785,0.9732303654594927,0.9732303654594927,0.0463216093396937,0.21031787939592353,True,False,低效清理候选
2026-07-01,MJ-0351,漫剧品牌C-账号-0351,漫剧品牌C,20881,745,183.84966,183.78,0.03567836789425794,8.80463866673052,0.24677806711409395,0.0,0.0,187.3,1.018767181837595,187.3,1.018767181837595,4344,23.628001270168244,0.20803601360088117,0.03567836789425794,0.24677806711409395,8.80463866673052,1.018767181837595,1.018767181837595,0.04232266574585635,0.20803601360088117,True,False,小步扩量观察
2026-07-01,MJ-0192,漫剧品牌E-账号-0192,漫剧品牌E,12186,2311,181.02382,180.99,0.18964385360249467,14.855064828491711,0.07833138035482475,11.63,11.63,130.21,0.7192976040390707,141.84,0.7835432928108578,3248,17.94239012302359,0.26653536845560477,0.18964385360249467,0.07833138035482475,14.855064828491711,0.7192976040390707,0.7835432928108578,0.05573393472906404,0.26653536845560477,True,False,低效清理候选
2026-07-01,MJ-0224,漫剧品牌G-账号-0224,漫剧品牌G,14492,666,179.88707,179.77,0.045956389732266074,12.412853298371514,0.2701007057057057,0.0,0.0,194.71,1.0824013087766675,194.71,1.0824013087766675,3958,22.002693134086847,0.2731162020425062,0.045956389732266074,0.2701007057057057,12.412853298371514,1.0824013087766675,1.0824013087766675,0.04544898180899444,0.2731162020425062,True,False,小步扩量观察
2026-07-01,MJ-0490,漫剧品牌D-账号-0490,漫剧品牌D,14188,113,177.04193,176.96,0.0079644770228362,12.478286580208627,1.566742743362832,0.0,0.0,157.65,0.8904670210045722,157.65,0.8904670210045722,3904,22.051273390433554,0.2751621088243586,0.0079644770228362,1.566742743362832,12.478286580208627,0.8904670210045722,0.8904670210045722,0.0453488550204918,0.2751621088243586,True,False,低效清理候选
2026-07-01,MJ-0442,漫剧品牌G-账号-0442,漫剧品牌G,15358,1103,175.44101,175.34,0.07181924729782524,11.423428180752703,0.1590580326382593,0.0,0.0,174.06,0.9921283512902713,174.06,0.9921283512902713,3771,21.494404301480024,0.24553978382601901,0.07181924729782524,0.1590580326382593,11.423428180752703,0.9921283512902713,0.9921283512902713,0.04652373640944047,0.24553978382601901,True,False,低效清理候选
2026-07-01,MJ-0353,漫剧品牌C-账号-0353,漫剧品牌C,22720,1404,173.42704,173.35,0.061795774647887325,7.633232394366197,0.12352353276353277,0.0,0.0,184.64,1.064655200250203,184.64,1.064655200250203,4004,23.08751853228885,0.17623239436619717,0.061795774647887325,0.12352353276353277,7.633232394366197,1.064655200250203,1.064655200250203,0.04331344655344656,0.17623239436619717,True,False,小步扩量观察
2026-07-01,MJ-0066,漫剧品牌D-账号-0066,漫剧品牌D,14807,994,172.47245,172.36,0.0671304112919565,11.648034713311272,0.17351353118712273,0.0,0.0,178.26,1.0335563737860742,178.26,1.0335563737860742,3502,20.304692140686814,0.2365097588978186,0.0671304112919565,0.17351353118712273,11.648034713311272,1.0335563737860742,1.0335563737860742,0.04924970017133067,0.2365097588978186,True,False,小步扩量观察
2026-07-01,MJ-0165,漫剧品牌D-账号-0165,漫剧品牌D,21656,819,172.34562,172.25,0.03781861839674917,7.958331178426302,0.21043421245421245,0.0,0.0,181.45,1.052826291727054,181.45,1.052826291727054,4002,23.22078158992378,0.18479867011451792,0.03781861839674917,0.21043421245421245,7.958331178426302,1.052826291727054,1.052826291727054,0.04306487256371814,0.18479867011451792,True,False,小步扩量观察
2026-07-01,MJ-0003,漫剧品牌D-账号-0003,漫剧品牌D,14829,746,172.25698,172.2,0.05030683120911727,11.616223615887787,0.2309074798927614,0.0,0.0,183.63,1.0660235654891894,183.63,1.0660235654891894,4488,26.05409661773938,0.30265021242160633,0.05030683120911727,0.2309074798927614,11.616223615887787,1.0660235654891894,1.0660235654891894,0.03838168003565062,0.30265021242160633,True,False,小步扩量观察
2026-07-01,MJ-0126,漫剧品牌C-账号-0126,漫剧品牌C,17847,852,170.02102,169.95,0.0477391158177845,9.526588222110158,0.19955518779342724,0.0,0.0,183.4,1.0786901525470205,183.4,1.0786901525470205,2418,14.22177093161775,0.13548495545469827,0.0477391158177845,0.19955518779342724,9.526588222110158,1.0786901525470205,1.0786901525470205,0.0703147311827957,0.13548495545469827,True,False,小步扩量观察
2026-07-01,MJ-0547,漫剧品牌F-账号-0547,漫剧品牌F,13085,331,168.32625,168.21,0.025296140619029423,12.864061902942298,0.5085385196374622,0.0,0.0,157.0,0.9327125151305873,157.0,0.9327125151305873,2866,17.02645903416728,0.21902942300343906,0.025296140619029423,0.5085385196374622,12.864061902942298,0.9327125151305873,0.9327125151305873,0.05873211793440335,0.21902942300343906,True,False,低效清理候选
2026-07-01,MJ-0172,漫剧品牌D-账号-0172,漫剧品牌D,16880,591,168.11661,168.03,0.03501184834123223,9.95951481042654,0.284461269035533,0.0,0.0,165.49,0.9843762612153553,165.49,0.9843762612153553,2822,16.78596778747799,0.16718009478672985,0.03501184834123223,0.284461269035533,9.95951481042654,0.9843762612153553,0.9843762612153553,0.05957356839121191,0.16718009478672985,True,False,低效清理候选
2026-07-01,MJ-0350,漫剧品牌D-账号-0350,漫剧品牌D,38866,515,168.09604,167.98,0.013250656100447691,4.3250151803633,0.32640007766990287,0.0,0.0,172.29,1.0249497846588176,172.29,1.0249497846588176,3252,19.3460833461633,0.0836721041527299,0.013250656100447691,0.32640007766990287,4.3250151803633,1.0249497846588176,1.0249497846588176,0.051690049200492,0.0836721041527299,True,False,小步扩量观察
2026-07-01,MJ-0229,漫剧品牌G-账号-0229,漫剧品牌G,11396,653,166.96773,166.86,0.0573008073008073,14.651432958932958,0.2556933078101072,0.0,0.0,160.21,0.9595267301052726,160.21,0.9595267301052726,2386,14.290186492922915,0.20937170937170937,0.0573008073008073,0.2556933078101072,14.651432958932958,0.9595267301052726,0.9595267301052726,0.06997809304274936,0.20937170937170937,True,False,低效清理候选
2026-07-01,MJ-0094,漫剧品牌D-账号-0094,漫剧品牌D,14169,604,165.59414,165.5,0.042628272990331006,11.687073187945517,0.27416248344370864,0.0,0.0,171.21,1.0339133981431952,171.21,1.0339133981431952,4287,25.888597265579566,0.30256193097607453,0.042628272990331006,0.27416248344370864,11.687073187945517,1.0339133981431952,1.0339133981431952,0.038627044553300675,0.30256193097607453,True,False,小步扩量观察
2026-07-01,MJ-0150,漫剧品牌D-账号-0150,漫剧品牌D,10218,546,163.11164,163.06,0.05343511450381679,15.963166960266197,0.29873926739926737,0.0,0.0,152.19,0.9330419337332394,152.19,0.9330419337332394,3688,22.610280909443375,0.36093168917596397,0.05343511450381679,0.29873926739926737,15.963166960266197,0.9330419337332394,0.9330419337332394,0.04422766811279826,0.36093168917596397,True,False,低效清理候选
2026-07-01,MJ-0487,漫剧品牌G-账号-0487,漫剧品牌G,15858,993,162.99002,162.93,0.06261823685206205,10.278094337243031,0.16413899295065457,0.0,0.0,170.32,1.0449719559516588,170.32,1.0449719559516588,4407,27.038465299899958,0.277903897086644,0.06261823685206205,0.16413899295065457,10.278094337243031,1.0449719559516588,1.0449719559516588,0.0369843476287724,0.277903897086644,True,False,小步扩量观察
2026-07-01,MJ-0125,漫剧品牌C-账号-0125,漫剧品牌C,16288,728,161.13148,161.05,0.04469548133595285,9.892649803536347,0.22133445054945056,0.0,0.0,199.34,1.2371263517222084,199.34,1.2371263517222084,1718,10.662100292258222,0.10547642436149313,0.04469548133595285,0.22133445054945056,9.892649803536347,1.2371263517222084,1.2371263517222084,0.09379015133876602,0.10547642436149313,True,False,小步扩量观察
2026-07-01,MJ-0377,漫剧品牌C-账号-0377,漫剧品牌C,19451,452,160.68464,160.59,0.023237879800524396,8.260996349802067,0.3554969911504425,0.0,0.0,165.53,1.0301544690270332,165.53,1.0301544690270332,3241,20.169942814695915,0.1666238239679194,0.023237879800524396,0.3554969911504425,8.260996349802067,1.0301544690270332,1.0301544690270332,0.049578722616476396,0.1666238239679194,True,False,小步扩量观察
2026-07-01,MJ-0296,漫剧品牌C-账号-0296,漫剧品牌C,13059,530,156.12393,156.05,0.04058503713913776,11.955274523317252,0.2945734528301887,0.0,0.0,167.24,1.0712002958162787,167.24,1.0712002958162787,3094,19.817589782680976,0.23692472624243816,0.04058503713913776,0.2945734528301887,11.955274523317252,1.0712002958162787,1.0712002958162787,0.050460223012281834,0.23692472624243816,True,False,小步扩量观察
2026-07-01,MJ-0207,漫剧品牌G-账号-0207,漫剧品牌G,32102,757,155.97726,155.9,0.023581085290636097,4.858801943804124,0.2060465785997358,0.0,0.0,138.28,0.8865394865892631,138.28,0.8865394865892631,3602,23.093109854603163,0.11220484705002803,0.023581085290636097,0.2060465785997358,4.858801943804124,0.8865394865892631,0.8865394865892631,0.0433029594669628,0.11220484705002803,True,False,低效清理候选
2026-07-01,MJ-0072,漫剧品牌D-账号-0072,漫剧品牌D,28300,432,155.28696,155.19,0.015265017667844523,5.487171731448764,0.35946055555555556,0.0,0.0,153.36,0.9875909735112338,153.36,0.9875909735112338,2537,16.33749543425926,0.08964664310954064,0.015265017667844523,0.35946055555555556,5.487171731448764,0.9875909735112338,0.9875909735112338,0.06120889239258967,0.08964664310954064,True,False,低效清理候选
2026-07-01,MJ-0469,漫剧品牌H-账号-0469,漫剧品牌H,21118,455,152.87266,152.82,0.021545600909177006,7.238974334690785,0.33598386813186815,0.0,0.0,167.95,1.098626791736338,167.95,1.098626791736338,6404,41.89107457147668,0.30324841367553745,0.021545600909177006,0.33598386813186815,7.238974334690785,1.098626791736338,1.098626791736338,0.02387143347907558,0.30324841367553745,True,False,小步扩量观察
2026-07-01,MJ-0146,漫剧品牌D-账号-0146,漫剧品牌D,11648,557,152.65137,152.57,0.04781936813186813,13.105371737637363,0.27405991023339316,0.0,0.0,149.92,0.9821071373286725,149.92,0.9821071373286725,3675,24.074464578994608,0.3155048076923077,0.04781936813186813,0.27405991023339316,13.105371737637363,0.9821071373286725,0.9821071373286725,0.041537787755102036,0.3155048076923077,True,False,低效清理候选
2026-07-01,MJ-0358,漫剧品牌C-账号-0358,漫剧品牌C,12391,855,151.35178,151.29,0.06900169477846824,12.21465418448874,0.17701962573099414,0.0,0.0,165.09,1.090770125068896,165.09,1.090770125068896,2202,14.548887366901138,0.17770962795577436,0.06900169477846824,0.17701962573099414,12.21465418448874,1.090770125068896,1.090770125068896,0.06873377838328791,0.17770962795577436,True,False,小步扩量观察
2026-07-01,MJ-0271,漫剧品牌E-账号-0271,漫剧品牌E,7894,2225,150.53023,150.49,0.2818596402330884,19.068942234608564,0.06765403595505617,0.0,0.0,116.38,0.77313374197329,116.38,0.77313374197329,2208,14.668150045343053,0.27970610590321765,0.2818596402330884,0.06765403595505617,19.068942234608564,0.77313374197329,0.77313374197329,0.06817492300724637,0.27970610590321765,True,False,低效清理候选
2026-07-01,MJ-0286,漫剧品牌D-账号-0286,漫剧品牌D,9521,499,149.69078,149.61,0.05241046108602038,15.722169940132337,0.29998152304609216,0.0,0.0,181.7,1.2138356149924532,181.7,1.2138356149924532,1747,11.670725478215827,0.18348912929314148,0.05241046108602038,0.29998152304609216,15.722169940132337,1.2138356149924532,1.2138356149924532,0.08568447624499141,0.18348912929314148,True,False,小步扩量观察
2026-07-01,MJ-0319,漫剧品牌E-账号-0319,漫剧品牌E,3968,1608,149.49352,149.46,0.40524193548387094,37.67477822580645,0.09296860696517412,0.0,0.0,114.1,0.7632437847473256,114.1,0.7632437847473256,2183,14.602639632808165,0.5501512096774194,0.40524193548387094,0.09296860696517412,37.67477822580645,0.7632437847473256,0.7632437847473256,0.06848076958314246,0.5501512096774194,True,False,低效清理候选
2026-07-01,MJ-0276,漫剧品牌G-账号-0276,漫剧品牌G,13933,713,147.5052,147.39,0.051173473049594485,10.586750879207637,0.2068796633941094,0.0,0.0,157.49,1.0676911729213614,157.49,1.0676911729213614,4531,30.71756114360714,0.32519916744419725,0.051173473049594485,0.2068796633941094,10.586750879207637,1.0676911729213614,1.0676911729213614,0.032554667843743106,0.32519916744419725,True,False,小步扩量观察
2026-07-01,MJ-0203,漫剧品牌G-账号-0203,漫剧品牌G,24610,462,146.95317,146.85,0.01877285656237302,5.971278748476229,0.3180804545454545,0.0,0.0,125.93,0.8569396631593589,125.93,0.8569396631593589,3078,20.945448131537415,0.1250711093051605,0.01877285656237302,0.3180804545454545,5.971278748476229,0.8569396631593589,0.8569396631593589,0.0477430701754386,0.1250711093051605,True,False,低效清理候选
2026-07-01,MJ-0097,漫剧品牌D-账号-0097,漫剧品牌D,12783,616,145.31123,145.21,0.04818900101697567,11.367537354298678,0.2358948538961039,0.0,0.0,165.17,1.1366636976371338,165.17,1.1366636976371338,2938,20.21867133049524,0.2298365016036924,0.04818900101697567,0.2358948538961039,11.367537354298678,1.1366636976371338,1.1366636976371338,0.049459234172906735,0.2298365016036924,True,False,小步扩量观察
2026-07-01,MJ-0058,漫剧品牌D-账号-0058,漫剧品牌D,11916,767,143.66771,143.57,0.0643672373279624,12.056706109432696,0.1873112255541069,0.0,0.0,149.5,1.0405956912656296,149.5,1.0405956912656296,2913,20.27595484051357,0.24446122860020142,0.0643672373279624,0.1873112255541069,12.056706109432696,1.0405956912656296,1.0405956912656296,0.049319502231376586,0.24446122860020142,True,False,小步扩量观察
2026-07-01,MJ-0075,漫剧品牌D-账号-0075,漫剧品牌D,19312,957,141.41445,141.31,0.049554681027340515,7.322620650372825,0.14776849529780564,0.0,0.0,142.14,1.0051306638041586,142.14,1.0051306638041586,3860,27.295654722696305,0.19987572493786246,0.049554681027340515,0.14776849529780564,7.322620650372825,1.0051306638041586,1.0051306638041586,0.03663586787564767,0.19987572493786246,True,False,小步扩量观察
2026-07-01,MJ-0083,漫剧品牌D-账号-0083,漫剧品牌D,9048,766,140.99789,140.9,0.08465959328028294,15.583321175950488,0.18407035248041778,0.0,0.0,151.75,1.0762572404452293,151.75,1.0762572404452293,1750,12.411533250603961,0.1934129089301503,0.08465959328028294,0.18407035248041778,15.583321175950488,1.0762572404452293,1.0762572404452293,0.08057022285714287,0.1934129089301503,True,False,小步扩量观察
2026-07-01,MJ-0329,漫剧品牌E-账号-0329,漫剧品牌E,4891,1148,137.42339,137.38,0.2347168268247802,28.097196892251077,0.11970678571428572,0.73,0.73,138.42,1.007252113341113,139.15,1.0125641639316276,2177,15.841553610342459,0.445103250868943,0.2347168268247802,0.11970678571428572,28.097196892251077,1.007252113341113,1.0125641639316276,0.06312512172714746,0.445103250868943,True,False,小步扩量观察
2026-07-01,MJ-0434,漫剧品牌G-账号-0434,漫剧品牌G,7625,655,136.61571,136.53,0.0859016393442623,17.91681442622951,0.2085736030534351,0.0,0.0,142.77,1.045048186625096,142.77,1.045048186625096,1643,12.026435319920381,0.21547540983606558,0.0859016393442623,0.2085736030534351,17.91681442622951,1.045048186625096,1.045048186625096,0.08315015824710895,0.21547540983606558,True,False,小步扩量观察
2026-07-01,MJ-0429,漫剧品牌G-账号-0429,漫剧品牌G,7177,730,130.33594,130.24,0.10171380799777066,18.160225721053365,0.1785423835616438,0.0,0.0,135.64,1.0406952986259967,135.64,1.0406952986259967,1364,10.465263840503242,0.19005155357391668,0.10171380799777066,0.1785423835616438,18.160225721053365,1.0406952986259967,1.0406952986259967,0.09555420821114369,0.19005155357391668,True,False,小步扩量观察
2026-07-01,MJ-0451,漫剧品牌G-账号-0451,漫剧品牌G,10730,460,127.17474,127.08,0.04287045666356011,11.852259086672879,0.2764668260869565,0.0,0.0,134.59,1.0583076482012073,134.59,1.0583076482012073,3258,25.618294953856402,0.3036346691519105,0.04287045666356011,0.2764668260869565,11.852259086672879,1.0583076482012073,1.0583076482012073,0.03903460405156538,0.3036346691519105,True,False,小步扩量观察
2026-07-01,MJ-0088,漫剧品牌D-账号-0088,漫剧品牌D,8215,769,126.98178,126.89,0.09360925136944613,15.457307364576993,0.16512585175552666,0.0,0.0,125.85,0.99108706776673,125.85,0.99108706776673,1750,13.781504716660926,0.2130249543517955,0.09360925136944613,0.16512585175552666,15.457307364576993,0.99108706776673,0.99108706776673,0.07256101714285715,0.2130249543517955,True,False,低效清理候选
2026-07-01,MJ-0081,漫剧品牌D-账号-0081,漫剧品牌D,37656,531,126.97538,126.89,0.01410133843212237,3.3719826853622266,0.23912500941619586,0.0,0.0,128.38,1.0110621444881676,128.38,1.0110621444881676,2524,19.87786923732774,0.06702783089016359,0.01410133843212237,0.23912500941619586,3.3719826853622266,1.0110621444881676,1.0110621444881676,0.0503072028526149,0.06702783089016359,True,False,小步扩量观察
2026-07-01,MJ-0129,漫剧品牌C-账号-0129,漫剧品牌C,8174,227,125.9557,125.88,0.027770981159774895,15.409310007340347,0.5548709251101321,0.0,0.0,128.81,1.022661141972932,128.81,1.022661141972932,1689,13.409476506422497,0.20663078052361145,0.027770981159774895,0.5548709251101321,15.409310007340347,1.022661141972932,1.022661141972932,0.07457412670219064,0.20663078052361145,True,False,小步扩量观察
2026-07-01,MJ-0149,漫剧品牌D-账号-0149,漫剧品牌D,15852,329,124.47311,124.37,0.020754478930103456,7.852202245773404,0.37833772036474167,0.0,0.0,127.04,1.0206220443917566,127.04,1.0206220443917566,2786,22.382344266966577,0.17575069391874842,0.020754478930103456,0.37833772036474167,7.852202245773404,1.0206220443917566,1.0206220443917566,0.04467807250538407,0.17575069391874842,True,False,小步扩量观察
2026-07-01,MJ-0191,漫剧品牌G-账号-0191,漫剧品牌G,12500,413,124.0656,124.01,0.03304,9.925248000000002,0.3004009685230024,0.0,0.0,139.81,1.1269038315213886,139.81,1.1269038315213886,2706,21.811041900413972,0.21648,0.03304,0.3004009685230024,9.925248000000002,1.1269038315213886,1.1269038315213886,0.045848337028824834,0.21648,True,False,小步扩量观察
2026-07-01,MJ-0315,漫剧品牌E-账号-0315,漫剧品牌E,2266,1970,123.95474,123.94,0.8693733451015004,54.702003530450135,0.06292118781725889,0.0,0.0,91.23,0.7359944444238277,91.23,0.7359944444238277,855,6.8976789431368255,0.3773168578993822,0.8693733451015004,0.06292118781725889,54.702003530450135,0.7359944444238277,0.7359944444238277,0.14497630409356727,0.3773168578993822,True,False,低效清理候选
2026-07-01,MJ-0509,漫剧品牌F-账号-0509,漫剧品牌F,10073,197,123.06044,122.95,0.0195572322049042,12.216860915318177,0.6246722842639594,0.0,0.0,109.16,0.8870437973405588,109.16,0.8870437973405588,2520,20.477742481661856,0.2501737317581654,0.0195572322049042,0.6246722842639594,12.216860915318177,0.8870437973405588,0.8870437973405588,0.04883350793650794,0.2501737317581654,True,False,低效清理候选
2026-07-01,MJ-0275,漫剧品牌F-账号-0275,漫剧品牌F,17542,239,122.01149,121.92,0.013624444191084256,6.955392201573367,0.5105083263598326,0.0,0.0,149.17,1.2225897741270104,149.17,1.2225897741270104,3713,30.431560175193336,0.21166343632425036,0.013624444191084256,0.5105083263598326,6.955392201573367,1.2225897741270104,1.2225897741270104,0.032860622138432535,0.21166343632425036,True,False,小步扩量观察
2026-07-01,MJ-0067,漫剧品牌D-账号-0067,漫剧品牌D,12597,528,121.71102,121.6,0.04191474160514408,9.661905215527508,0.23051329545454546,0.0,0.0,126.4,1.0385255172456858,126.4,1.0385255172456858,3808,31.287224443604202,0.30229419703103916,0.04191474160514408,0.23051329545454546,9.661905215527508,1.0385255172456858,1.0385255172456858,0.031961927521008404,0.30229419703103916,True,False,小步扩量观察
2026-07-01,MJ-0155,漫剧品牌D-账号-0155,漫剧品牌D,16670,563,121.29872,121.21,0.03377324535092981,7.276467906418716,0.21545065719360568,0.0,0.0,115.26,0.9502161275898048,115.26,0.9502161275898048,3187,26.273978818572857,0.19118176364727055,0.03377324535092981,0.21545065719360568,7.276467906418716,0.9502161275898048,0.9502161275898048,0.03806047066206464,0.19118176364727055,True,False,低效清理候选
2026-07-01,MJ-0234,漫剧品牌B-账号-0234,漫剧品牌B,17920,730,121.12262,121.08,0.040736607142857144,6.759074776785714,0.16592139726027397,13.17,13.17,94.92,0.7836686491755215,108.09,0.8924014358341985,2387,19.7073015758741,0.133203125,0.040736607142857144,0.16592139726027397,6.759074776785714,0.7836686491755215,0.8924014358341985,0.05074261416003351,0.133203125,True,False,低效清理候选
2026-07-01,MJ-0283,漫剧品牌D-账号-0283,漫剧品牌D,7530,386,120.97644,120.91,0.05126162018592297,16.06592828685259,0.31341046632124353,0.0,0.0,122.68,1.0140817501325052,122.68,1.0140817501325052,1308,10.81202257232896,0.17370517928286852,0.05126162018592297,0.31341046632124353,16.06592828685259,1.0140817501325052,1.0140817501325052,0.09248963302752293,0.17370517928286852,True,False,小步扩量观察
2026-07-01,MJ-0195,漫剧品牌G-账号-0195,漫剧品牌G,8837,342,119.61161,119.53,0.03870091660065633,13.535318547018218,0.34974154970760235,0.0,0.0,113.6,0.9497405812027778,113.6,0.9497405812027778,2733,22.848952538971762,0.3092678510806835,0.03870091660065633,0.34974154970760235,13.535318547018218,0.9497405812027778,0.9497405812027778,0.043765682400292716,0.3092678510806835,True,False,低效清理候选
2026-07-01,MJ-0082,漫剧品牌D-账号-0082,漫剧品牌D,8045,614,118.92106,118.84,0.07632069608452455,14.781983840894965,0.19368250814332247,0.0,0.0,121.08,1.0181543958656272,121.08,1.0181543958656272,1900,15.976985068918827,0.23617153511497824,0.07632069608452455,0.19368250814332247,14.781983840894965,1.0181543958656272,1.0181543958656272,0.06259003157894737,0.23617153511497824,True,False,小步扩量观察
2026-07-01,MJ-0267,漫剧品牌E-账号-0267,漫剧品牌E,3555,2463,118.62135,118.57,0.6928270042194092,33.36746835443038,0.04816132764920829,4.39,4.39,85.54,0.721118078659533,89.93,0.7581265935685271,792,6.676707017750177,0.22278481012658227,0.6928270042194092,0.04816132764920829,33.36746835443038,0.721118078659533,0.7581265935685271,0.1497744318181818,0.22278481012658227,True,False,低效清理候选
2026-07-01,MJ-0132,漫剧品牌C-账号-0132,漫剧品牌C,7826,172,118.15571,118.08,0.02197802197802198,15.097841809353437,0.6869518023255814,0.0,0.0,123.76,1.0474313937091995,123.76,1.0474313937091995,1727,14.61630588991425,0.22067467416304626,0.02197802197802198,0.6869518023255814,15.097841809353437,1.0474313937091995,1.0474313937091995,0.06841674001158078,0.22067467416304626,True,False,小步扩量观察
2026-07-01,MJ-0282,漫剧品牌G-账号-0282,漫剧品牌G,8102,462,115.19367,115.14,0.057022957294495184,14.217930140705997,0.24933694805194806,0.0,0.0,117.9,1.0234937388486711,117.9,1.0234937388486711,1837,15.947056813104401,0.226734139718588,0.057022957294495184,0.24933694805194806,14.217930140705997,1.0234937388486711,1.0234937388486711,0.0627074959172564,0.226734139718588,True,False,小步扩量观察
2026-07-01,MJ-0162,漫剧品牌D-账号-0162,漫剧品牌D,13966,522,113.62012,113.54,0.037376485751109835,8.135480452527567,0.2176630651340996,0.0,0.0,113.82,1.0017591954664367,113.82,1.0017591954664367,2667,23.472955318124995,0.1909637691536589,0.037376485751109835,0.2176630651340996,8.135480452527567,1.0017591954664367,1.0017591954664367,0.04260221972253468,0.1909637691536589,True,False,小步扩量观察
2026-07-01,MJ-0161,漫剧品牌D-账号-0161,漫剧品牌D,13615,481,113.03322,112.96,0.03532868160117517,8.302109438119722,0.23499629937629937,0.0,0.0,111.54,0.9867895473560782,111.54,0.9867895473560782,1944,17.19848377317748,0.14278369445464562,0.03532868160117517,0.23499629937629937,8.302109438119722,0.9867895473560782,0.9867895473560782,0.05814466049382716,0.14278369445464562,True,False,低效清理候选
2026-07-01,MJ-0532,漫剧品牌D-账号-0532,漫剧品牌D,8127,113,112.28936,112.2,0.013904269718223207,13.81682785775809,0.9937111504424779,0.0,0.0,111.35,0.9916344700869254,111.35,0.9916344700869254,2221,19.779256022119995,0.273286575612157,0.013904269718223207,0.9937111504424779,13.81682785775809,0.9916344700869254,0.9916344700869254,0.05055801891040072,0.273286575612157,True,False,低效清理候选
2026-07-01,MJ-0274,漫剧品牌E-账号-0274,漫剧品牌E,2756,2212,112.04685,112.01,0.8026124818577649,40.655605950653126,0.050654091320072335,0.0,0.0,81.8,0.7300517595987749,81.8,0.7300517595987749,975,8.70171718348173,0.35377358490566035,0.8026124818577649,0.050654091320072335,40.655605950653126,0.7300517595987749,0.7300517595987749,0.11491984615384616,0.35377358490566035,True,False,低效清理候选
2026-07-01,MJ-0187,漫剧品牌G-账号-0187,漫剧品牌G,11363,399,111.60662,111.53,0.0351139663821174,9.821932588224941,0.2797158395989975,0.0,0.0,113.66,1.0183983709926883,113.66,1.0183983709926883,2441,21.87146246342735,0.21482002992167562,0.0351139663821174,0.2797158395989975,9.821932588224941,1.0183983709926883,1.0183983709926883,0.045721679639492016,0.21482002992167562,True,False,小步扩量观察
2026-07-01,MJ-0098,漫剧品牌D-账号-0098,漫剧品牌D,9319,443,110.31779,110.22,0.04753728940873484,11.83794291232965,0.24902435665914222,0.0,0.0,126.69,1.148409517630837,126.69,1.148409517630837,1976,17.911888916556432,0.21203991844618522,0.04753728940873484,0.24902435665914222,11.83794291232965,1.148409517630837,1.148409517630837,0.05582884109311741,0.21203991844618522,True,False,小步扩量观察
2026-07-01,MJ-0127,漫剧品牌C-账号-0127,漫剧品牌C,11641,550,109.62068,109.55,0.04724680010308393,9.416775191134782,0.19931032727272727,0.0,0.0,103.01,0.9396949553679106,103.01,0.9396949553679106,1711,15.60836878588967,0.14698049995704837,0.04724680010308393,0.19931032727272727,9.416775191134782,0.9396949553679106,0.9396949553679106,0.06406819403857393,0.14698049995704837,True,False,低效清理候选
2026-07-01,MJ-0062,漫剧品牌D-账号-0062,漫剧品牌D,7265,719,108.78182,108.69,0.09896765313145217,14.97340949759119,0.15129599443671765,0.0,0.0,121.99,1.1214190018148253,121.99,1.1214190018148253,1814,16.675580533585485,0.24969029593943565,0.09896765313145217,0.15129599443671765,14.97340949759119,1.1214190018148253,1.1214190018148253,0.05996792723263506,0.24969029593943565,True,False,小步扩量观察
2026-07-01,MJ-0068,漫剧品牌D-账号-0068,漫剧品牌D,37309,301,108.46529,108.39,0.008067758449703824,2.90721514915972,0.3603498006644518,0.0,0.0,91.24,0.8411907625010729,91.24,0.8411907625010729,2068,19.06600719916943,0.055428984963413655,0.008067758449703824,0.3603498006644518,2.90721514915972,0.8411907625010729,0.8411907625010729,0.0524493665377176,0.055428984963413655,True,False,低效清理候选
2026-07-01,MJ-0152,漫剧品牌D-账号-0152,漫剧品牌D,11462,317,108.21683,108.13,0.027656604432036293,9.441356656778922,0.34137801261829653,0.0,0.0,97.17,0.8979194825795581,97.17,0.8979194825795581,1930,17.834564180081784,0.16838248124236607,0.027656604432036293,0.34137801261829653,9.441356656778922,0.8979194825795581,0.8979194825795581,0.056070896373057,0.16838248124236607,True,False,低效清理候选
2026-07-01,MJ-0489,漫剧品牌G-账号-0489,漫剧品牌G,8449,539,105.75709,105.69,0.06379453189726594,12.51711326784235,0.19620981447124305,0.0,0.0,108.53,1.0262196132665904,108.53,1.0262196132665904,2797,26.447399413126817,0.33104509409397564,0.06379453189726594,0.19620981447124305,12.51711326784235,1.0262196132665904,1.0262196132665904,0.037810900965319985,0.33104509409397564,True,False,小步扩量观察
2026-07-01,MJ-0079,漫剧品牌D-账号-0079,漫剧品牌D,9113,637,100.06628,99.94,0.06990014265335236,10.980607922747724,0.15708992150706438,0.0,0.0,108.89,1.0881787551211057,108.89,1.0881787551211057,2905,29.030758413323646,0.3187753758367168,0.06990014265335236,0.15708992150706438,10.980607922747724,1.0881787551211057,1.0881787551211057,0.034446223752151464,0.3187753758367168,True,False,小步扩量观察
2026-07-01,MJ-0225,漫剧品牌B-账号-0225,漫剧品牌B,11701,500,99.34642,99.31,0.0427313904794462,8.490421331510126,0.19869283999999998,0.0,0.0,109.89,1.1061294407991753,109.89,1.1061294407991753,1730,17.413813200314618,0.14785061105888386,0.0427313904794462,0.19869283999999998,8.490421331510126,1.1061294407991753,1.1061294407991753,0.05742567630057803,0.14785061105888386,True,False,小步扩量观察
2026-07-01,MJ-0488,漫剧品牌F-账号-0488,漫剧品牌F,14552,448,98.24397,98.16,0.030786146234194612,6.751234881803189,0.21929457589285714,0.0,0.0,139.15,1.416371915752183,139.15,1.416371915752183,1476,15.023822836149638,0.10142935678944474,0.030786146234194612,0.21929457589285714,6.751234881803189,1.416371915752183,1.416371915752183,0.06656095528455284,0.10142935678944474,True,False,小步扩量观察
2026-07-01,MJ-0302,漫剧品牌G-账号-0302,漫剧品牌G,8697,455,93.7674,93.64,0.052316890881913304,10.781579855122455,0.2060821978021978,0.0,0.0,94.61,1.008986065519573,94.61,1.008986065519573,2464,26.27778950893381,0.28331608600666897,0.052316890881913304,0.2060821978021978,10.781579855122455,1.008986065519573,1.008986065519573,0.038054951298701296,0.28331608600666897,True,False,小步扩量观察
2026-07-01,MJ-0323,漫剧品牌E-账号-0323,漫剧品牌E,3277,3140,93.2949,93.28,0.958193469636863,28.469606347268844,0.029711751592356686,0.0,0.0,53.88,0.5775235302251249,53.88,0.5775235302251249,621,6.656312402928777,0.18950259383582546,0.958193469636863,0.029711751592356686,28.469606347268844,0.5775235302251249,0.5775235302251249,0.15023333333333333,0.18950259383582546,True,False,低效清理候选
2026-07-01,MJ-0089,漫剧品牌D-账号-0089,漫剧品牌D,9795,472,89.68562,89.6,0.048187850944359366,9.156265441551813,0.190011906779661,0.0,0.0,102.08,1.138198074563124,102.08,1.138198074563124,1689,18.832450508788366,0.17243491577335376,0.048187850944359366,0.190011906779661,9.156265441551813,1.138198074563124,1.138198074563124,0.0530998342214328,0.17243491577335376,True,False,小步扩量观察
2026-07-01,MJ-0359,漫剧品牌C-账号-0359,漫剧品牌C,10133,376,87.20907,87.15,0.03710648376591335,8.606441330306918,0.2319390159574468,0.0,0.0,87.7,1.0056293456632437,87.7,1.0056293456632437,2104,24.125930938146688,0.20763840915819598,0.03710648376591335,0.2319390159574468,8.606441330306918,1.0056293456632437,1.0056293456632437,0.04144917775665399,0.20763840915819598,True,False,小步扩量观察
2026-07-01,MJ-0133,漫剧品牌C-账号-0133,漫剧品牌C,7496,193,86.48662,86.44,0.025747065101387405,11.537702774813235,0.44811720207253886,0.0,0.0,91.84,1.0618983606944057,91.84,1.0618983606944057,1474,17.0430986897164,0.19663820704375667,0.025747065101387405,0.44811720207253886,11.537702774813235,1.0618983606944057,1.0618983606944057,0.058674776119402985,0.19663820704375667,True,False,小步扩量观察
2026-07-01,MJ-0297,漫剧品牌G-账号-0297,漫剧品牌G,11217,625,84.44147,84.34,0.055718997949540876,7.527990550057947,0.13510635199999999,0.0,0.0,83.43,0.98802164386764,83.43,0.98802164386764,2362,27.97203790980901,0.2105732370509049,0.055718997949540876,0.13510635199999999,7.527990550057947,0.98802164386764,0.98802164386764,0.035749987298899236,0.2105732370509049,True,False,低效清理候选
2026-07-01,MJ-0375,漫剧品牌C-账号-0375,漫剧品牌C,199317,565,83.96988,83.84,0.002834680433681021,0.4212880988575987,0.14861925663716816,0.0,0.0,91.48,1.08943826048102,91.48,1.08943826048102,2481,29.546308747851015,0.012447508240641792,0.002834680433681021,0.14861925663716816,0.4212880988575987,1.08943826048102,1.08943826048102,0.033845175332527205,0.012447508240641792,True,False,小步扩量观察
2026-07-01,MJ-0226,漫剧品牌G-账号-0226,漫剧品牌G,3427,386,83.51859,83.47,0.11263495768894076,24.370758681062153,0.21636940414507772,0.0,0.0,91.04,1.090056716714207,91.04,1.090056716714207,939,11.24300589844728,0.274000583600817,0.11263495768894076,0.21636940414507772,24.370758681062153,1.090056716714207,1.090056716714207,0.08894418530351438,0.274000583600817,True,False,小步扩量观察
2026-07-01,MJ-0108,漫剧品牌C-账号-0108,漫剧品牌C,10904,204,78.64083,78.55,0.018708730741012473,7.21210840058694,0.38549426470588233,0.0,0.0,78.91,1.0034227766924637,78.91,1.0034227766924637,1838,23.372082924353673,0.1685619955979457,0.018708730741012473,0.38549426470588233,7.21210840058694,1.0034227766924637,1.0034227766924637,0.04278608813928182,0.1685619955979457,True,False,小步扩量观察
2026-07-01,MJ-0100,漫剧品牌C-账号-0100,漫剧品牌C,9623,382,77.97289,77.93,0.039696560324223217,8.102763171568117,0.20411751308900525,0.0,0.0,78.39,1.0053494233700968,78.39,1.0053494233700968,2768,35.499517845240824,0.2876441858048426,0.039696560324223217,0.20411751308900525,8.102763171568117,1.0053494233700968,1.0053494233700968,0.02816939667630058,0.2876441858048426,True,False,小步扩量观察
2026-07-01,MJ-0322,漫剧品牌E-账号-0322,漫剧品牌E,1954,1204,73.06081,73.05,0.6161719549641761,37.39038382804503,0.06068173588039867,0.0,0.0,47.84,0.6547970108735449,47.84,0.6547970108735449,376,5.146397911547928,0.19242579324462641,0.6161719549641761,0.06068173588039867,37.39038382804503,0.6547970108735449,0.6547970108735449,0.19431066489361704,0.19242579324462641,True,False,低效清理候选
2026-07-01,MJ-0208,漫剧品牌C-账号-0208,漫剧品牌C,13521,132,72.8053,72.69,0.00976259152429554,5.384609126543895,0.5515553030303031,0.0,0.0,66.72,0.9164167993264226,66.72,0.9164167993264226,1158,15.905435455935214,0.08564455291768361,0.00976259152429554,0.5515553030303031,5.384609126543895,0.9164167993264226,0.9164167993264226,0.06287158894645942,0.08564455291768361,True,False,低效清理候选
2026-07-01,MJ-0533,漫剧品牌D-账号-0533,漫剧品牌D,5587,323,70.96856,70.92,0.057812779667084306,12.702444961517807,0.2197169040247678,0.0,0.0,72.99,1.028483598934514,72.99,1.028483598934514,1529,21.544751647771914,0.2736710220153929,0.057812779667084306,0.2197169040247678,12.702444961517807,1.028483598934514,1.028483598934514,0.046415016350555914,0.2736710220153929,True,False,小步扩量观察
2026-07-01,MJ-0278,漫剧品牌E-账号-0278,漫剧品牌E,4207,1020,69.02431,68.99,0.2424530544330877,16.407014499643452,0.06767089215686274,4.39,4.39,52.54,0.7611810969207805,56.93,0.8247818775732781,683,9.89506450698312,0.1623484668409793,0.2424530544330877,0.06767089215686274,16.407014499643452,0.7611810969207805,0.8247818775732781,0.1010604831625183,0.1623484668409793,True,False,低效清理候选
2026-07-01,MJ-0514,漫剧品牌F-账号-0514,漫剧品牌F,6475,199,66.66838,66.56,0.030733590733590735,10.296274903474904,0.3350169849246231,0.0,0.0,58.4,0.8759774873785744,58.4,0.8759774873785744,1830,27.449294553129985,0.28262548262548265,0.030733590733590735,0.3350169849246231,10.296274903474904,0.8759774873785744,0.8759774873785744,0.036430808743169396,0.28262548262548265,True,False,低效清理候选
2026-07-01,MJ-0508,漫剧品牌D-账号-0508,漫剧品牌D,5095,309,62.49129,62.46,0.0606476938174681,12.265218842001962,0.2022371844660194,0.0,0.0,64.2,1.027343170544247,64.2,1.027343170544247,1285,20.562865640955724,0.2522080471050049,0.0606476938174681,0.2022371844660194,12.265218842001962,1.027343170544247,1.027343170544247,0.04863135408560311,0.2522080471050049,True,False,小步扩量观察
2026-07-01,MJ-0096,漫剧品牌D-账号-0096,漫剧品牌D,4370,342,60.16671,60.07,0.0782608695652174,13.76812585812357,0.17592605263157896,0.0,0.0,88.86,1.4768964432324785,88.86,1.4768964432324785,1147,19.063698181270006,0.2624713958810069,0.0782608695652174,0.17592605263157896,13.76812585812357,1.4768964432324785,1.4768964432324785,0.05245571926765475,0.2624713958810069,True,False,小步扩量观察
2026-07-01,MJ-0228,漫剧品牌B-账号-0228,漫剧品牌B,5218,280,60.00704,59.93,0.053660406285933306,11.500007665772328,0.21431085714285716,6.59,6.59,34.18,0.5695998336195219,40.76,0.6792536342402491,566,9.4322266187434,0.1084706784208509,0.053660406285933306,0.21431085714285716,11.500007665772328,0.5695998336195219,0.6792536342402491,0.10601950530035337,0.1084706784208509,True,False,低效清理候选
2026-07-01,MJ-0473,漫剧品牌D-账号-0473,漫剧品牌D,5934,256,56.99276,56.95,0.043141220087630605,9.604442197505898,0.22262796875,0.0,0.0,180.05,3.159173200245084,180.05,3.159173200245084,1271,22.30107824221884,0.21418941691944726,0.043141220087630605,0.22262796875,9.604442197505898,3.159173200245084,3.159173200245084,0.04484088119590873,0.21418941691944726,True,False,小步扩量观察
2026-07-01,MJ-0546,漫剧品牌F-账号-0546,漫剧品牌F,7167,160,56.91995,56.8,0.022324543044509558,7.941949211664573,0.3557496875,0.0,0.0,61.25,1.0760726248002677,61.25,1.0760726248002677,1940,34.08295334061256,0.27068508441467837,0.022324543044509558,0.3557496875,7.941949211664573,1.0760726248002677,1.0760726248002677,0.029340180412371134,0.27068508441467837,True,False,小步扩量观察
2026-07-01,MJ-0496,漫剧品牌F-账号-0496,漫剧品牌F,8867,190,55.97875,55.88,0.021427765873463404,6.313155520469155,0.29462499999999997,0.0,0.0,60.92,1.08827010249425,60.92,1.08827010249425,2630,46.982113748520646,0.29660539077478293,0.021427765873463404,0.29462499999999997,6.313155520469155,1.08827010249425,1.08827010249425,0.021284695817490495,0.29660539077478293,True,False,小步扩量观察
2026-07-01,MJ-0311,漫剧品牌E-账号-0311,漫剧品牌E,3065,1203,54.48686,54.45,0.3924959216965742,17.77711582381729,0.04529248545303408,0.0,0.0,43.68,0.8016611711520906,43.68,0.8016611711520906,701,12.865487201868488,0.22871125611745513,0.3924959216965742,0.04529248545303408,17.77711582381729,0.8016611711520906,0.8016611711520906,0.07772733238231098,0.22871125611745513,True,False,低效清理候选
2026-07-01,MJ-0142,漫剧品牌D-账号-0142,漫剧品牌D,8453,224,54.29732,54.23,0.02649946764462321,6.423437832722111,0.24239875,0.0,0.0,44.66,0.8225083668954563,44.66,0.8225083668954563,1001,18.435532361449884,0.11841949603690997,0.02649946764462321,0.24239875,6.423437832722111,0.8225083668954563,0.8225083668954563,0.05424307692307692,0.11841949603690997,True,False,低效清理候选
2026-07-01,MJ-0498,漫剧品牌F-账号-0498,漫剧品牌F,5844,222,54.11646,54.01,0.037987679671457907,9.260174537987679,0.24376783783783781,0.0,0.0,56.17,1.0379466801782675,56.17,1.0379466801782675,1809,33.427907146919814,0.3095482546201232,0.037987679671457907,0.24376783783783781,9.260174537987679,1.0379466801782675,1.0379466801782675,0.02991512437810945,0.3095482546201232,True,False,小步扩量观察
2026-07-01,MJ-0290,漫剧品牌F-账号-0290,漫剧品牌F,7533,210,53.40356,53.29,0.027877339705296694,7.089281826629497,0.2543026666666667,0.0,0.0,55.48,1.0388820520579527,55.48,1.0388820520579527,1625,30.428683031618117,0.21571750962431965,0.027877339705296694,0.2543026666666667,7.089281826629497,1.0388820520579527,1.0388820520579527,0.03286372923076923,0.21571750962431965,True,False,小步扩量观察
2026-07-01,MJ-0505,漫剧品牌D-账号-0505,漫剧品牌D,4310,385,50.59444,50.58,0.08932714617169374,11.738849187935035,0.13141412987012988,0.0,0.0,53.02,1.0479412362307006,53.02,1.0479412362307006,1150,22.729770306776793,0.2668213457076566,0.08932714617169374,0.13141412987012988,11.738849187935035,1.0479412362307006,1.0479412362307006,0.0439951652173913,0.2668213457076566,True,False,小步扩量观察
2026-07-01,MJ-0545,漫剧品牌D-账号-0545,漫剧品牌D,3703,241,49.36661,49.34,0.0650823656494734,13.33151768836079,0.2048407053941909,0.0,0.0,49.22,0.9970301789002728,49.22,0.9970301789002728,1027,20.80353502093824,0.27734269511207127,0.0650823656494734,0.2048407053941909,13.33151768836079,0.9970301789002728,0.9970301789002728,0.04806875365141188,0.27734269511207127,False,False,数据不足/低量池
2026-07-01,MJ-0458,漫剧品牌E-账号-0458,漫剧品牌E,890,242,46.09086,46.07,0.27191011235955054,51.787483146067416,0.19045809917355372,0.0,0.0,38.1,0.8266280993672065,38.1,0.8266280993672065,345,7.485215073010137,0.38764044943820225,0.27191011235955054,0.19045809917355372,51.787483146067416,0.8266280993672065,0.8266280993672065,0.1335966956521739,0.38764044943820225,False,False,数据不足/低量池
2026-07-01,MJ-0074,漫剧品牌D-账号-0074,漫剧品牌D,4651,300,44.48665,44.39,0.06450225757901526,9.56496452375833,0.14828883333333331,0.0,0.0,43.65,0.9811932343748069,43.65,0.9811932343748069,852,19.151812959618223,0.18318641152440335,0.06450225757901526,0.14828883333333331,9.56496452375833,0.9811932343748069,0.9811932343748069,0.0522143779342723,0.18318641152440335,False,False,数据不足/低量池
2026-07-01,MJ-0326,漫剧品牌E-账号-0326,漫剧品牌E,1062,1030,43.36249,43.35,0.9698681732580038,40.830969868173256,0.04209950485436893,0.0,0.0,21.94,0.5059672541867407,21.94,0.5059672541867407,143,3.2977811006701874,0.13465160075329566,0.9698681732580038,0.04209950485436893,40.830969868173256,0.5059672541867407,0.5059672541867407,0.3032341958041958,0.13465160075329566,False,False,数据不足/低量池
2026-07-01,MJ-0270,漫剧品牌E-账号-0270,漫剧品牌E,2132,289,43.03074,43.0,0.13555347091932457,20.18327392120075,0.14889529411764707,0.0,0.0,29.41,0.6834648904480843,29.41,0.6834648904480843,756,17.56883567421801,0.3545966228893058,0.13555347091932457,0.14889529411764707,20.18327392120075,0.6834648904480843,0.6834648904480843,0.056918968253968256,0.3545966228893058,False,False,数据不足/低量池
2026-07-01,MJ-0356,漫剧品牌C-账号-0356,漫剧品牌C,9945,500,42.38822,42.32,0.05027652086475616,4.262264454499749,0.08477644,0.0,0.0,37.42,0.882792436200435,37.42,0.882792436200435,1065,25.12490498539453,0.10708898944193061,0.05027652086475616,0.08477644,4.262264454499749,0.882792436200435,0.882792436200435,0.0398011455399061,0.10708898944193061,False,False,数据不足/低量池
2026-07-01,MJ-0425,漫剧品牌G-账号-0425,漫剧品牌G,3084,231,40.62916,40.52,0.07490272373540856,13.174176394293125,0.17588380952380953,0.0,0.0,39.14,0.9633475070614308,39.14,0.9633475070614308,739,18.18890668672451,0.23962386511024644,0.07490272373540856,0.17588380952380953,13.174176394293125,0.9633475070614308,0.9633475070614308,0.05497856562922868,0.23962386511024644,False,False,数据不足/低量池
2026-07-01,MJ-0257,漫剧品牌F-账号-0257,漫剧品牌F,8601,149,40.50663,40.42,0.017323567027089874,4.70952563655389,0.27185657718120804,0.0,0.0,40.08,0.9894676501106114,40.08,0.9894676501106114,2017,49.79431762158442,0.23450761539355888,0.017323567027089874,0.27185657718120804,4.70952563655389,0.9894676501106114,0.9894676501106114,0.02008261279127417,0.23450761539355888,False,False,数据不足/低量池
2026-07-01,MJ-0167,漫剧品牌D-账号-0167,漫剧品牌D,6398,172,39.19503,39.13,0.026883401062832137,6.126137855579869,0.22787808139534885,0.0,0.0,42.12,1.074626043148838,42.12,1.074626043148838,624,15.920385824427228,0.09753047827446076,0.026883401062832137,0.22787808139534885,6.126137855579869,1.074626043148838,1.074626043148838,0.06281254807692307,0.09753047827446076,False,False,数据不足/低量池
2026-07-01,MJ-0340,漫剧品牌C-账号-0340,漫剧品牌C,3210,102,34.96459,34.95,0.03177570093457944,10.892395638629283,0.3427900980392157,0.0,0.0,30.5,0.8723111010310717,30.5,0.8723111010310717,639,18.275632575700158,0.19906542056074766,0.03177570093457944,0.3427900980392157,10.892395638629283,0.8723111010310717,0.8723111010310717,0.05471766823161189,0.19906542056074766,False,False,数据不足/低量池
2026-07-01,MJ-0537,漫剧品牌D-账号-0537,漫剧品牌D,2222,105,33.4602,33.39,0.047254725472547256,15.058595859585958,0.3186685714285714,0.0,0.0,26.13,0.7809277888356914,26.13,0.7809277888356914,672,20.083561963168183,0.30243024302430244,0.047254725472547256,0.3186685714285714,15.058595859585958,0.7809277888356914,0.7809277888356914,0.04979196428571429,0.30243024302430244,False,False,数据不足/低量池
2026-07-01,MJ-0455,漫剧品牌G-账号-0455,漫剧品牌G,2550,214,33.15871,33.07,0.08392156862745098,13.00341568627451,0.1549472429906542,0.0,0.0,35.93,1.08357653238018,35.93,1.08357653238018,678,20.44711630820379,0.26588235294117646,0.08392156862745098,0.1549472429906542,13.00341568627451,1.08357653238018,1.08357653238018,0.04890665191740413,0.26588235294117646,False,False,数据不足/低量池
2026-07-01,MJ-0055,漫剧品牌C-账号-0055,漫剧品牌C,2053,78,30.26452,30.26,0.03799318071115441,14.74160740379932,0.38800666666666667,0.0,0.0,29.88,0.9872946935883998,29.88,0.9872946935883998,396,13.084628469243853,0.19288845591816853,0.03799318071115441,0.38800666666666667,14.74160740379932,0.9872946935883998,0.9872946935883998,0.07642555555555555,0.19288845591816853,False,False,数据不足/低量池
2026-07-01,MJ-0042,漫剧品牌C-账号-0042,漫剧品牌C,5766,132,29.32218,29.28,0.022892819979188347,5.085359001040583,0.22213772727272726,0.0,0.0,24.17,0.8242906905284669,24.17,0.8242906905284669,1284,43.78937718818997,0.222684703433923,0.022892819979188347,0.22213772727272726,5.085359001040583,0.8242906905284669,0.8242906905284669,0.022836588785046727,0.222684703433923,False,False,数据不足/低量池
2026-07-01,MJ-0273,漫剧品牌E-账号-0273,漫剧品牌E,1394,154,28.69485,28.68,0.11047345767575323,20.58454088952654,0.1863301948051948,0.0,0.0,15.03,0.5237873695105568,15.03,0.5237873695105568,383,13.34734281587114,0.2747489239598278,0.11047345767575323,0.1863301948051948,20.58454088952654,0.5237873695105568,0.5237873695105568,0.07492127937336815,0.2747489239598278,False,False,数据不足/低量池
2026-07-01,MJ-0190,漫剧品牌G-账号-0190,漫剧品牌G,3952,156,28.40414,28.31,0.039473684210526314,7.187282388663968,0.18207782051282054,0.0,0.0,25.61,0.9016291287115188,25.61,0.9016291287115188,495,17.427037044599835,0.12525303643724697,0.039473684210526314,0.18207782051282054,7.187282388663968,0.9016291287115188,0.9016291287115188,0.057382101010101015,0.12525303643724697,False,False,数据不足/低量池
2026-07-01,MJ-0087,漫剧品牌D-账号-0087,漫剧品牌D,3459,217,27.58353,27.52,0.06273489447817288,7.974423243712056,0.12711304147465438,0.0,0.0,26.79,0.9712317459005428,26.79,0.9712317459005428,781,28.3139975195343,0.22578779994217982,0.06273489447817288,0.12711304147465438,7.974423243712056,0.9712317459005428,0.9712317459005428,0.03531822023047375,0.22578779994217982,False,False,数据不足/低量池
2026-07-01,MJ-0464,漫剧品牌E-账号-0464,漫剧品牌E,263,77,26.83142,26.82,0.29277566539923955,102.02060836501902,0.34846,0.0,0.0,17.21,0.6414121951055889,17.21,0.6414121951055889,114,4.2487501593281305,0.43346007604562736,0.29277566539923955,0.34846,102.02060836501902,0.6414121951055889,0.6414121951055889,0.23536333333333334,0.43346007604562736,False,False,数据不足/低量池
2026-07-01,MJ-0525,漫剧品牌G-账号-0525,漫剧品牌G,2269,124,25.22141,25.19,0.054649625385632436,11.115650066108417,0.20339846774193548,0.0,0.0,25.08,0.9943932555713578,25.08,0.9943932555713578,348,13.797801153860947,0.15337152930806522,0.054649625385632436,0.20339846774193548,11.115650066108417,0.9943932555713578,0.9943932555713578,0.07247531609195403,0.15337152930806522,False,False,数据不足/低量池
2026-07-01,MJ-0529,漫剧品牌F-账号-0529,漫剧品牌F,2694,38,23.6496,23.57,0.014105419450631032,8.778619153674834,0.6223578947368421,0.0,0.0,15.32,0.6477910831472837,15.32,0.6477910831472837,557,23.552195385968474,0.20675575352635486,0.014105419450631032,0.6223578947368421,8.778619153674834,0.6477910831472837,0.6477910831472837,0.042458886894075405,0.20675575352635486,False,False,数据不足/低量池
2026-07-01,MJ-0476,漫剧品牌D-账号-0476,漫剧品牌D,2671,133,22.85277,22.82,0.04979408461250468,8.555885436166228,0.17182533834586466,0.0,0.0,21.38,0.9355539831714055,21.38,0.9355539831714055,472,20.65395135906938,0.17671284163234743,0.04979408461250468,0.17182533834586466,8.555885436166228,0.9355539831714055,0.9355539831714055,0.04841688559322034,0.17671284163234743,False,False,数据不足/低量池
2026-07-01,MJ-0303,漫剧品牌B-账号-0303,漫剧品牌B,2373,78,21.87844,21.86,0.03286978508217446,9.219738727349347,0.28049282051282054,0.0,0.0,16.76,0.7660509615859267,16.76,0.7660509615859267,430,19.65405211706136,0.18120522545301307,0.03286978508217446,0.28049282051282054,9.219738727349347,0.7660509615859267,0.7660509615859267,0.050880093023255815,0.18120522545301307,False,False,数据不足/低量池
2026-07-01,MJ-0536,漫剧品牌H-账号-0536,漫剧品牌H,3264,89,21.34144,21.31,0.0272671568627451,6.538431372549019,0.2397914606741573,0.0,0.0,19.38,0.9080924248785461,19.38,0.9080924248785461,664,31.11317699274276,0.2034313725490196,0.0272671568627451,0.2397914606741573,6.538431372549019,0.9080924248785461,0.9080924248785461,0.03214072289156626,0.2034313725490196,False,False,数据不足/低量池
2026-07-01,MJ-0010,漫剧品牌B-账号-0010,漫剧品牌B,351,24,20.98873,20.94,0.06837606837606838,59.79695156695157,0.8745304166666666,0.0,0.0,4.05,0.192960698431968,4.05,0.192960698431968,72,3.4304124165683203,0.20512820512820512,0.06837606837606838,0.8745304166666666,59.79695156695157,0.192960698431968,0.192960698431968,0.2915101388888889,0.20512820512820512,False,False,数据不足/低量池
2026-07-01,MJ-0345,漫剧品牌C-账号-0345,漫剧品牌C,1549,48,19.08474,19.08,0.030987734021949646,12.320684312459653,0.39759875,0.0,0.0,14.7,0.7702489004303962,14.7,0.7702489004303962,271,14.199826667798462,0.17495158166559072,0.030987734021949646,0.39759875,12.320684312459653,0.7702489004303962,0.7702489004303962,0.07042339483394834,0.17495158166559072,False,False,数据不足/低量池
2026-07-01,MJ-0549,漫剧品牌H-账号-0549,漫剧品牌H,2591,29,18.12727,18.1,0.011192589733693555,6.996244693168661,0.625078275862069,0.0,0.0,15.49,0.8545136691846043,15.49,0.8545136691846043,530,29.23771753827245,0.2045542261675029,0.011192589733693555,0.625078275862069,6.996244693168661,0.8545136691846043,0.8545136691846043,0.03420239622641509,0.2045542261675029,False,False,数据不足/低量池
2026-07-01,MJ-0147,漫剧品牌D-账号-0147,漫剧品牌D,19044,100,17.66756,17.59,0.005250997689561016,0.9277231674018065,0.17667560000000002,0.0,0.0,15.53,0.8790121556117538,15.53,0.8790121556117538,170,9.622154955183397,0.008926696072253729,0.005250997689561016,0.17667560000000002,0.9277231674018065,0.8790121556117538,0.8790121556117538,0.10392682352941178,0.008926696072253729,False,False,数据不足/低量池
2026-07-01,MJ-0477,漫剧品牌G-账号-0477,漫剧品牌G,4277,322,16.49016,16.46,0.07528641571194762,3.855543605330839,0.051211677018633536,0.0,0.0,12.5,0.7580278178016466,12.5,0.7580278178016466,0,0.0,0.0,0.07528641571194762,0.051211677018633536,3.855543605330839,0.7580278178016466,0.7580278178016466,,0.0,False,False,数据不足/低量池
2026-07-01,MJ-0144,漫剧品牌D-账号-0144,漫剧品牌D,11344,119,14.5821,14.51,0.010490126939351198,1.2854460507757406,0.12253865546218488,0.0,0.0,11.29,0.7742369068926971,11.29,0.7742369068926971,410,28.116663580691394,0.036142454160789844,0.010490126939351198,0.12253865546218488,1.2854460507757406,0.7742369068926971,0.7742369068926971,0.03556609756097561,0.036142454160789844,False,False,数据不足/低量池
2026-07-01,MJ-0551,漫剧品牌F-账号-0551,漫剧品牌F,2031,59,14.51612,14.44,0.029049729197439686,7.1472772033481045,0.24603593220338985,0.0,0.0,12.67,0.8728227653119428,12.67,0.8728227653119428,536,36.924467419668616,0.2639094042343673,0.029049729197439686,0.24603593220338985,7.1472772033481045,0.8728227653119428,0.8728227653119428,0.027082313432835823,0.2639094042343673,False,False,数据不足/低量池
2026-07-01,MJ-0232,漫剧品牌B-账号-0232,漫剧品牌B,118,15,14.45069,14.41,0.1271186440677966,122.46347457627118,0.9633793333333334,0.0,0.0,6.0,0.4152050870927271,6.0,0.4152050870927271,20,1.384016956975757,0.1694915254237288,0.1271186440677966,0.9633793333333334,122.46347457627118,0.4152050870927271,0.4152050870927271,0.7225345,0.1694915254237288,False,False,数据不足/低量池
2026-07-01,MJ-0346,漫剧品牌C-账号-0346,漫剧品牌C,1462,44,14.22761,14.22,0.030095759233926128,9.731607387140903,0.32335477272727275,0.0,0.0,13.08,0.9193392284438496,13.08,0.9193392284438496,258,18.133755423433733,0.17647058823529413,0.030095759233926128,0.32335477272727275,9.731607387140903,0.9193392284438496,0.9193392284438496,0.05514577519379845,0.17647058823529413,False,False,数据不足/低量池
2026-07-01,MJ-0008,漫剧品牌D-账号-0008,漫剧品牌D,799,54,13.11506,13.1,0.06758448060075094,16.414342928660826,0.24287148148148147,0.0,0.0,12.11,0.9233659624889249,12.11,0.9233659624889249,208,15.859630074128521,0.26032540675844806,0.06758448060075094,0.24287148148148147,16.414342928660826,0.9233659624889249,0.9233659624889249,0.06305317307692307,0.26032540675844806,False,False,数据不足/低量池
2026-07-01,MJ-0053,漫剧品牌C-账号-0053,漫剧品牌C,1080,35,12.94513,12.94,0.032407407407407406,11.98623148148148,0.36986085714285716,0.0,0.0,11.88,0.9177196366510031,11.88,0.9177196366510031,209,16.145067681823203,0.1935185185185185,0.032407407407407406,0.36986085714285716,11.98623148148148,0.9177196366510031,0.9177196366510031,0.06193842105263158,0.1935185185185185,False,False,数据不足/低量池
2026-07-01,MJ-0287,漫剧品牌E-账号-0287,漫剧品牌E,162,106,12.54952,12.53,0.654320987654321,77.46617283950617,0.11839169811320754,0.0,0.0,6.33,0.5044017619797411,6.33,0.5044017619797411,53,4.223269097144752,0.3271604938271605,0.654320987654321,0.11839169811320754,77.46617283950617,0.5044017619797411,0.5044017619797411,0.2367833962264151,0.3271604938271605,False,False,数据不足/低量池
2026-07-01,MJ-0512,漫剧品牌D-账号-0512,漫剧品牌D,1134,47,12.30943,12.29,0.04144620811287478,10.854876543209878,0.2619027659574468,0.0,0.0,10.46,0.8497550252123779,10.46,0.8497550252123779,270,21.93440313645717,0.23809523809523808,0.04144620811287478,0.2619027659574468,10.854876543209878,0.8497550252123779,0.8497550252123779,0.04559048148148148,0.23809523809523808,False,False,数据不足/低量池
2026-07-01,MJ-0502,漫剧品牌E-账号-0502,漫剧品牌E,138,53,11.90368,11.89,0.38405797101449274,86.25855072463767,0.2245977358490566,0.0,0.0,8.51,0.7149049705637248,8.51,0.7149049705637248,54,4.536412269147021,0.391304347826087,0.38405797101449274,0.2245977358490566,86.25855072463767,0.7149049705637248,0.7149049705637248,0.2204385185185185,0.391304347826087,False,False,数据不足/低量池
2026-07-01,MJ-0080,漫剧品牌C-账号-0080,漫剧品牌C,1538,43,10.90001,10.9,0.027958387516254877,7.087132639791937,0.2534886046511628,0.0,0.0,11.49,1.0541274732775474,11.49,1.0541274732775474,274,25.137591616888425,0.17815344603381014,0.027958387516254877,0.2534886046511628,7.087132639791937,1.0541274732775474,1.0541274732775474,0.03978105839416059,0.17815344603381014,False,False,数据不足/低量池
2026-07-01,MJ-0528,漫剧品牌F-账号-0528,漫剧品牌F,1359,31,9.62109,9.55,0.022810890360559236,7.07953642384106,0.3103577419354839,0.0,0.0,5.03,0.5228097855856249,5.03,0.5228097855856249,206,21.411295393765155,0.1515820456217807,0.022810890360559236,0.3103577419354839,7.07953642384106,0.5228097855856249,0.5228097855856249,0.04670432038834952,0.1515820456217807,False,False,数据不足/低量池
2026-07-01,MJ-0141,漫剧品牌D-账号-0141,漫剧品牌D,30287,85,9.53299,9.45,0.0028064846303694655,0.31475517548783305,0.11215282352941176,0.0,0.0,16.79,1.761252240902382,16.79,1.761252240902382,326,34.19703576737204,0.010763693994122891,0.0028064846303694655,0.11215282352941176,0.31475517548783305,1.761252240902382,1.761252240902382,0.029242300613496933,0.010763693994122891,False,False,数据不足/低量池
2026-07-01,MJ-0483,漫剧品牌G-账号-0483,漫剧品牌G,1014,94,9.50104,9.47,0.09270216962524655,9.369861932938857,0.10107489361702128,0.0,0.0,8.96,0.9430546550693399,8.96,0.9430546550693399,214,22.52385002062932,0.21104536489151873,0.09270216962524655,0.10107489361702128,9.369861932938857,0.9430546550693399,0.9430546550693399,0.04439738317757009,0.21104536489151873,False,False,数据不足/低量池
2026-07-01,MJ-0163,漫剧品牌A-账号-0163,漫剧品牌A,2949,29,8.59741,8.58,0.009833841980332316,2.9153645303492706,0.29646241379310345,0.0,0.0,4.59,0.5338817155399126,4.59,0.5338817155399126,4,0.4652563969846733,0.0013563919972872161,0.009833841980332316,0.29646241379310345,2.9153645303492706,0.5338817155399126,0.5338817155399126,2.1493525,0.0013563919972872161,False,False,数据不足/低量池
2026-07-01,MJ-0523,漫剧品牌F-账号-0523,漫剧品牌F,714,25,8.41718,8.3,0.0350140056022409,11.7887675070028,0.3366872,0.0,0.0,7.45,0.8850945328482936,7.45,0.8850945328482936,118,14.018946963234717,0.16526610644257703,0.0350140056022409,0.3366872,11.7887675070028,0.8850945328482936,0.8850945328482936,0.07133203389830509,0.16526610644257703,False,False,数据不足/低量池
2026-07-01,MJ-0052,漫剧品牌C-账号-0052,漫剧品牌C,1107,13,6.41123,6.4,0.011743450767841012,5.791535682023487,0.49317153846153844,0.0,0.0,7.05,1.0996329877418218,7.05,1.0996329877418218,153,23.864375478652303,0.13821138211382114,0.011743450767841012,0.49317153846153844,5.791535682023487,1.0996329877418218,1.0996329877418218,0.04190346405228758,0.13821138211382114,False,False,数据不足/低量池
2026-07-01,MJ-0294,漫剧品牌F-账号-0294,漫剧品牌F,1316,22,6.33316,6.23,0.016717325227963525,4.81243161094225,0.2878709090909091,0.0,0.0,6.67,1.053186718794409,6.67,1.053186718794409,247,39.00106739763404,0.18768996960486323,0.016717325227963525,0.2878709090909091,4.81243161094225,1.053186718794409,1.053186718794409,0.025640323886639678,0.18768996960486323,False,False,数据不足/低量池
2026-07-01,MJ-0331,漫剧品牌C-账号-0331,漫剧品牌C,1280,17,5.81439,5.81,0.01328125,4.542492187500001,0.3420229411764706,0.0,0.0,4.56,0.7842611176752848,4.56,0.7842611176752848,124,21.326398813977047,0.096875,0.01328125,0.3420229411764706,4.542492187500001,0.7842611176752848,0.7842611176752848,0.04689024193548388,0.096875,False,False,数据不足/低量池
2026-07-01,MJ-0499,漫剧品牌H-账号-0499,漫剧品牌H,679,20,5.27953,5.26,0.029455081001472753,7.775449189985273,0.2639765,0.0,0.0,3.11,0.5890675874557015,3.11,0.5890675874557015,178,33.715122368847226,0.2621502209131075,0.029455081001472753,0.2639765,7.775449189985273,0.5890675874557015,0.5890675874557015,0.029660280898876405,0.2621502209131075,False,False,数据不足/低量池
2026-07-01,MJ-0333,漫剧品牌C-账号-0333,漫剧品牌C,1379,10,5.02674,5.02,0.007251631617113851,3.645206671501088,0.5026740000000001,0.0,0.0,2.85,0.5669678559066115,2.85,0.5669678559066115,138,27.4531803912675,0.10007251631617115,0.007251631617113851,0.5026740000000001,3.645206671501088,0.5669678559066115,0.5669678559066115,0.036425652173913046,0.10007251631617115,False,False,数据不足/低量池
2026-07-01,MJ-0339,漫剧品牌C-账号-0339,漫剧品牌C,844,13,4.85945,4.85,0.015402843601895734,5.757642180094787,0.37380384615384615,0.0,0.0,4.32,0.8889894946959019,4.32,0.8889894946959019,127,26.134644867217485,0.1504739336492891,0.015402843601895734,0.37380384615384615,5.757642180094787,0.8889894946959019,0.8889894946959019,0.038263385826771655,0.1504739336492891,False,False,数据不足/低量池
2026-07-01,MJ-0341,漫剧品牌C-账号-0341,漫剧品牌C,902,15,4.48759,4.48,0.01662971175166297,4.975155210643015,0.29917266666666664,0.0,0.0,4.29,0.9559696852876488,4.29,0.9559696852876488,158,35.20820752341457,0.17516629711751663,0.01662971175166297,0.29917266666666664,4.975155210643015,0.9559696852876488,0.9559696852876488,0.02840246835443038,0.17516629711751663,False,False,数据不足/低量池
2026-07-01,MJ-0539,漫剧品牌F-账号-0539,漫剧品牌F,607,15,4.34211,4.25,0.02471169686985173,7.153393739703459,0.289474,0.0,0.0,5.36,1.2344228957810834,5.36,1.2344228957810834,165,37.99995854549977,0.27182866556836904,0.02471169686985173,0.289474,7.153393739703459,1.2344228957810834,1.2344228957810834,0.02631581818181818,0.27182866556836904,False,False,数据不足/低量池
2026-07-01,MJ-0085,漫剧品牌C-账号-0085,漫剧品牌C,1120,17,4.01477,4.0,0.015178571428571428,3.584616071428572,0.2361629411764706,0.0,0.0,2.72,0.6774983373891904,2.72,0.6774983373891904,130,32.380435242865715,0.11607142857142858,0.015178571428571428,0.2361629411764706,3.584616071428572,0.6774983373891904,0.6774983373891904,0.030882846153846157,0.11607142857142858,False,False,数据不足/低量池
2026-07-01,MJ-0344,漫剧品牌C-账号-0344,漫剧品牌C,468,10,3.84972,3.84,0.021367521367521368,8.225897435897435,0.384972,0.0,0.0,2.97,0.7714846794052554,2.97,0.7714846794052554,83,21.56000955913677,0.17735042735042736,0.021367521367521368,0.384972,8.225897435897435,0.7714846794052554,0.7714846794052554,0.0463821686746988,0.17735042735042736,False,False,数据不足/低量池
2026-07-01,MJ-0051,漫剧品牌C-账号-0051,漫剧品牌C,445,10,3.57097,3.56,0.02247191011235955,8.024651685393259,0.357097,0.0,0.0,1.5,0.4200539349252444,1.5,0.4200539349252444,105,29.40377544476711,0.23595505617977527,0.02247191011235955,0.357097,8.024651685393259,0.4200539349252444,0.4200539349252444,0.03400923809523809,0.23595505617977527,False,False,数据不足/低量池
2026-07-01,MJ-0151,漫剧品牌D-账号-0151,漫剧品牌D,14667,63,3.42095,3.36,0.004295356923706279,0.23324128997068247,0.05430079365079365,0.0,0.0,5.63,1.645741679942706,5.63,1.645741679942706,81,23.677633405925256,0.005522601759050931,0.004295356923706279,0.05430079365079365,0.23324128997068247,1.645741679942706,1.645741679942706,0.04223395061728395,0.005522601759050931,False,False,数据不足/低量池
2026-07-01,MJ-0338,漫剧品牌C-账号-0338,漫剧品牌C,381,10,3.33179,3.32,0.026246719160104987,8.744855643044618,0.333179,0.0,0.0,3.26,0.9784530237499962,3.26,0.9784530237499962,98,29.41361850536799,0.2572178477690289,0.026246719160104987,0.333179,8.744855643044618,0.9784530237499962,0.9784530237499962,0.03399785714285714,0.2572178477690289,False,False,数据不足/低量池
2026-07-01,MJ-0247,漫剧品牌C-账号-0247,漫剧品牌C,711,19,3.17065,3.17,0.026722925457102673,4.459423347398031,0.1668763157894737,0.0,0.0,4.87,1.5359626574992509,4.87,1.5359626574992509,50,15.769637140649392,0.07032348804500703,0.026722925457102673,0.1668763157894737,4.459423347398031,1.5359626574992509,1.5359626574992509,0.063413,0.07032348804500703,False,False,数据不足/低量池
2026-07-01,MJ-0272,漫剧品牌C-账号-0272,漫剧品牌C,351,16,3.06174,3.06,0.045584045584045586,8.722905982905981,0.19135875,0.0,0.0,2.53,0.8263275131134583,2.53,0.8263275131134583,53,17.310418258898537,0.150997150997151,0.045584045584045586,0.19135875,8.722905982905981,0.8263275131134583,0.8263275131134583,0.05776867924528302,0.150997150997151,False,False,数据不足/低量池
2026-07-01,MJ-0040,漫剧品牌C-账号-0040,漫剧品牌C,520,6,2.9107,2.9,0.011538461538461539,5.5975,0.48511666666666664,0.0,0.0,2.02,0.6939911361528155,2.02,0.6939911361528155,53,18.208678324801596,0.10192307692307692,0.011538461538461539,0.48511666666666664,5.5975,0.6939911361528155,0.6939911361528155,0.0549188679245283,0.10192307692307692,False,False,数据不足/低量池
2026-07-01,MJ-0252,漫剧品牌F-账号-0252,漫剧品牌F,583,7,2.66282,2.56,0.012006861063464836,4.567444253859348,0.38040285714285715,0.0,0.0,0.2,0.07510834378591118,0.2,0.07510834378591118,102,38.3052553308147,0.17495711835334476,0.012006861063464836,0.38040285714285715,4.567444253859348,0.07510834378591118,0.07510834378591118,0.02610607843137255,0.17495711835334476,False,False,数据不足/低量池
2026-07-01,MJ-0334,漫剧品牌C-账号-0334,漫剧品牌C,623,4,2.64136,2.63,0.006420545746388443,4.239743178170145,0.66034,0.0,0.0,2.81,1.0638458975679195,2.81,1.0638458975679195,48,18.172456613259836,0.07704654895666131,0.006420545746388443,0.66034,4.239743178170145,1.0638458975679195,1.0638458975679195,0.05502833333333334,0.07704654895666131,False,False,数据不足/低量池
2026-07-01,MJ-0253,漫剧品牌C-账号-0253,漫剧品牌C,282,15,2.41001,2.41,0.05319148936170213,8.546134751773051,0.16066733333333336,0.0,0.0,2.56,1.0622362562810943,2.56,1.0622362562810943,42,17.427313579611702,0.14893617021276595,0.05319148936170213,0.16066733333333336,8.546134751773051,1.0622362562810943,1.0622362562810943,0.05738119047619048,0.14893617021276595,False,False,数据不足/低量池
2026-07-01,MJ-0249,漫剧品牌B-账号-0249,漫剧品牌B,519,10,2.34349,2.25,0.019267822736030827,4.515394990366088,0.234349,0.0,0.0,0.23,0.09814422079889396,0.23,0.09814422079889396,16,6.827424055575231,0.030828516377649325,0.019267822736030827,0.234349,4.515394990366088,0.09814422079889396,0.09814422079889396,0.146468125,0.030828516377649325,False,False,数据不足/低量池
2026-07-01,MJ-0527,漫剧品牌D-账号-0527,漫剧品牌D,97,10,1.84938,1.84,0.10309278350515463,19.06577319587629,0.184938,0.0,0.0,3.43,1.8546756210189361,3.43,1.8546756210189361,37,20.00670494976695,0.38144329896907214,0.10309278350515463,0.184938,19.06577319587629,1.8546756210189361,1.8546756210189361,0.04998324324324324,0.38144329896907214,False,False,数据不足/低量池
2026-07-01,MJ-0336,漫剧品牌C-账号-0336,漫剧品牌C,642,9,1.8311,1.83,0.014018691588785047,2.8521806853582556,0.20345555555555556,0.0,0.0,0.54,0.29490470209163894,0.54,0.29490470209163894,43,23.48315220359347,0.06697819314641744,0.014018691588785047,0.20345555555555556,2.8521806853582556,0.29490470209163894,0.29490470209163894,0.042583720930232556,0.06697819314641744,False,False,数据不足/低量池
2026-07-01,MJ-0389,漫剧品牌A-账号-0389,漫剧品牌A,462,6,1.73021,1.72,0.012987012987012988,3.74504329004329,0.28836833333333334,0.0,0.0,0.79,0.4565919743846123,0.79,0.4565919743846123,0,0.0,0.0,0.012987012987012988,0.28836833333333334,3.74504329004329,0.4565919743846123,0.4565919743846123,,0.0,False,False,数据不足/低量池
2026-07-01,MJ-0299,漫剧品牌C-账号-0299,漫剧品牌C,436,7,1.72592,1.72,0.016055045871559634,3.9585321100917428,0.24655999999999997,0.0,0.0,1.1,0.6373412440901085,1.1,0.6373412440901085,31,17.96143506072124,0.07110091743119266,0.016055045871559634,0.24655999999999997,3.9585321100917428,0.6373412440901085,0.6373412440901085,0.05567483870967742,0.07110091743119266,False,False,数据不足/低量池
2026-07-01,MJ-0255,漫剧品牌B-账号-0255,漫剧品牌B,383,12,1.65827,1.58,0.031331592689295036,4.329686684073106,0.13818916666666667,0.0,0.0,0.01,0.006030381059779168,0.01,0.006030381059779168,15,9.045571589668752,0.0391644908616188,0.031331592689295036,0.13818916666666667,4.329686684073106,0.006030381059779168,0.006030381059779168,0.11055133333333332,0.0391644908616188,False,False,数据不足/低量池
2026-07-01,MJ-0448,漫剧品牌B-账号-0448,漫剧品牌B,172,8,1.4637,1.44,0.046511627906976744,8.509883720930233,0.1829625,0.0,0.0,0.16,0.1093120174899228,0.16,0.1093120174899228,13,8.881601421056228,0.0755813953488372,0.046511627906976744,0.1829625,8.509883720930233,0.1093120174899228,0.1093120174899228,0.11259230769230769,0.0755813953488372,False,False,数据不足/低量池
2026-07-01,MJ-0258,漫剧品牌B-账号-0258,漫剧品牌B,438,10,1.43785,1.35,0.0228310502283105,3.2827625570776258,0.143785,0.0,0.0,0.12,0.08345794067531383,0.12,0.08345794067531383,15,10.43224258441423,0.03424657534246575,0.0228310502283105,0.143785,3.2827625570776258,0.08345794067531383,0.08345794067531383,0.09585666666666667,0.03424657534246575,False,False,数据不足/低量池
2026-07-01,MJ-0033,漫剧品牌C-账号-0033,漫剧品牌C,361,4,1.37621,1.37,0.0110803324099723,3.812216066481994,0.3440525,0.0,0.0,0.56,0.4069146423874264,0.56,0.4069146423874264,46,33.42513133896716,0.12742382271468145,0.0110803324099723,0.3440525,3.812216066481994,0.4069146423874264,0.4069146423874264,0.029917608695652173,0.12742382271468145,False,False,数据不足/低量池
2026-07-01,MJ-0386,漫剧品牌A-账号-0386,漫剧品牌A,256,4,1.33149,1.32,0.015625,5.2011328125,0.3328725,0.0,0.0,6.3,4.731541355924565,6.3,4.731541355924565,1,0.7510383104642168,0.00390625,0.015625,0.3328725,5.2011328125,4.731541355924565,4.731541355924565,1.33149,0.00390625,False,False,数据不足/低量池
2026-07-01,MJ-0240,漫剧品牌B-账号-0240,漫剧品牌B,330,11,0.92875,0.85,0.03333333333333333,2.8143939393939394,0.08443181818181818,0.0,0.0,0.0,0.0,0.0,0.0,12,12.920592193808883,0.03636363636363636,0.03333333333333333,0.08443181818181818,2.8143939393939394,0.0,0.0,0.07739583333333333,0.03636363636363636,False,False,数据不足/低量池
2026-07-01,MJ-0332,漫剧品牌C-账号-0332,漫剧品牌C,299,5,0.9227,0.91,0.016722408026755852,3.085953177257525,0.18453999999999998,0.0,0.0,0.27,0.2926194862902352,0.27,0.2926194862902352,30,32.513276254470576,0.10033444816053512,0.016722408026755852,0.18453999999999998,3.085953177257525,0.2926194862902352,0.2926194862902352,0.030756666666666665,0.10033444816053512,False,False,数据不足/低量池
2026-07-01,MJ-0245,漫剧品牌B-账号-0245,漫剧品牌B,299,4,0.89659,0.83,0.013377926421404682,2.9986287625418058,0.2241475,0.0,0.0,0.0,0.0,0.0,0.0,7,7.807358993519892,0.023411371237458192,0.013377926421404682,0.2241475,2.9986287625418058,0.0,0.0,0.1280842857142857,0.023411371237458192,False,False,数据不足/低量池
2026-07-01,MJ-0522,漫剧品牌D-账号-0522,漫剧品牌D,144,2,0.88658,0.88,0.013888888888888888,6.156805555555556,0.44329,0.0,0.0,0.45,0.5075684089422274,0.45,0.5075684089422274,33,37.22168332243001,0.22916666666666666,0.013888888888888888,0.44329,6.156805555555556,0.5075684089422274,0.5075684089422274,0.02686606060606061,0.22916666666666666,False,False,数据不足/低量池
2026-07-01,MJ-0446,漫剧品牌B-账号-0446,漫剧品牌B,112,7,0.87179,0.84,0.0625,7.7838392857142855,0.12454142857142857,0.0,0.0,5.56,6.377682698815081,5.56,6.377682698815081,12,13.764782803198019,0.10714285714285714,0.0625,0.12454142857142857,7.7838392857142855,6.377682698815081,6.377682698815081,0.07264916666666667,0.10714285714285714,False,False,数据不足/低量池
2026-07-01,MJ-0383,漫剧品牌A-账号-0383,漫剧品牌A,410,4,0.85511,0.83,0.00975609756097561,2.0856341463414636,0.2137775,0.0,0.0,0.0,0.0,0.0,0.0,4,4.677760755926138,0.00975609756097561,0.00975609756097561,0.2137775,2.0856341463414636,0.0,0.0,0.2137775,0.00975609756097561,False,False,数据不足/低量池
2026-07-01,MJ-0002,漫剧品牌B-账号-0002,漫剧品牌B,72,6,0.81865,0.78,0.08333333333333333,11.370138888888889,0.13644166666666666,0.0,0.0,1.14,1.3925364930067794,1.14,1.3925364930067794,4,4.886092957918525,0.05555555555555555,0.08333333333333333,0.13644166666666666,11.370138888888889,1.3925364930067794,1.3925364930067794,0.2046625,0.05555555555555555,False,False,数据不足/低量池
2026-07-01,MJ-0452,漫剧品牌B-账号-0452,漫剧品牌B,131,9,0.80146,0.78,0.06870229007633588,6.118015267175573,0.08905111111111111,0.0,0.0,2.3,2.8697626831033363,2.3,2.8697626831033363,15,18.715843585456543,0.11450381679389313,0.06870229007633588,0.08905111111111111,6.118015267175573,2.8697626831033363,2.8697626831033363,0.05343066666666666,0.11450381679389313,False,False,数据不足/低量池
2026-07-01,MJ-0214,漫剧品牌B-账号-0214,漫剧品牌B,154,6,0.78132,0.75,0.03896103896103896,5.0735064935064935,0.13022,0.0,0.0,0.11,0.14078738545026365,0.11,0.14078738545026365,11,14.078738545026365,0.07142857142857142,0.03896103896103896,0.13022,5.0735064935064935,0.14078738545026365,0.14078738545026365,0.07102909090909092,0.07142857142857142,False,False,数据不足/低量池
2026-07-01,MJ-0268,漫剧品牌C-账号-0268,漫剧品牌C,196,5,0.71317,0.71,0.025510204081632654,3.6386224489795915,0.14263399999999998,0.0,0.0,1.84,2.5800300068707323,1.84,2.5800300068707323,12,16.826282653504776,0.061224489795918366,0.025510204081632654,0.14263399999999998,3.6386224489795915,2.5800300068707323,2.5800300068707323,0.05943083333333333,0.061224489795918366,False,False,数据不足/低量池
2026-07-01,MJ-0407,漫剧品牌B-账号-0407,漫剧品牌B,76,1,0.68752,0.66,0.013157894736842105,9.046315789473685,0.68752,0.0,0.0,0.19,0.27635559692808936,0.19,0.27635559692808936,4,5.818012566907145,0.05263157894736842,0.013157894736842105,0.68752,9.046315789473685,0.27635559692808936,0.27635559692808936,0.17188,0.05263157894736842,False,False,数据不足/低量池
2026-07-01,MJ-0260,漫剧品牌C-账号-0260,漫剧品牌C,240,6,0.68575,0.68,0.025,2.8572916666666663,0.11429166666666667,0.0,0.0,0.48,0.6999635435654393,0.48,0.6999635435654393,10,14.582573824279986,0.041666666666666664,0.025,0.11429166666666667,2.8572916666666663,0.6999635435654393,0.6999635435654393,0.068575,0.041666666666666664,False,False,数据不足/低量池
2026-07-01,MJ-0450,漫剧品牌B-账号-0450,漫剧品牌B,107,3,0.61865,0.59,0.028037383177570093,5.781775700934579,0.2062166666666667,0.0,0.0,0.31,0.5010910854279479,0.31,0.5010910854279479,4,6.465691424876748,0.037383177570093455,0.028037383177570093,0.2062166666666667,5.781775700934579,0.5010910854279479,0.5010910854279479,0.1546625,0.037383177570093455,False,False,数据不足/低量池
2026-07-01,MJ-0330,漫剧品牌C-账号-0330,漫剧品牌C,255,1,0.56957,0.56,0.00392156862745098,2.2336078431372552,0.56957,0.0,0.0,0.3,0.5267131344698632,0.3,0.5267131344698632,10,17.557104482328775,0.0392156862745098,0.00392156862745098,0.56957,2.2336078431372552,0.5267131344698632,0.5267131344698632,0.056957,0.0392156862745098,False,False,数据不足/低量池
2026-07-01,MJ-0289,漫剧品牌C-账号-0289,漫剧品牌C,472,2,0.56754,0.56,0.00423728813559322,1.2024152542372881,0.28377,0.0,0.0,0.34,0.5990767170595905,0.34,0.5990767170595905,15,26.429855164393697,0.03177966101694915,0.00423728813559322,0.28377,1.2024152542372881,0.5990767170595905,0.5990767170595905,0.037836,0.03177966101694915,False,False,数据不足/低量池
2026-07-01,MJ-0335,漫剧品牌C-账号-0335,漫剧品牌C,80,1,0.55936,0.55,0.0125,6.992,0.55936,0.0,0.0,0.0,0.0,0.0,0.0,14,25.028604118993137,0.175,0.0125,0.55936,6.992,0.0,0.0,0.03995428571428571,0.175,False,False,数据不足/低量池
2026-07-01,MJ-0515,漫剧品牌E-账号-0515,漫剧品牌E,21,1,0.4993,0.48,0.047619047619047616,23.77619047619048,0.4993,0.0,0.0,0.04,0.08011215701982775,0.04,0.08011215701982775,4,8.011215701982776,0.19047619047619047,0.047619047619047616,0.4993,23.77619047619048,0.08011215701982775,0.08011215701982775,0.124825,0.19047619047619047,False,False,数据不足/低量池
2026-07-01,MJ-0032,漫剧品牌C-账号-0032,漫剧品牌C,11667,30,0.49105,0.42,0.0025713551041398816,0.04208879746292963,0.016368333333333332,0.0,0.0,0.75,1.5273393748090827,0.75,1.5273393748090827,33,67.20293249159964,0.00282849061455387,0.0025713551041398816,0.016368333333333332,0.04208879746292963,1.5273393748090827,1.5273393748090827,0.01488030303030303,0.00282849061455387,False,False,数据不足/低量池
2026-07-01,MJ-0516,漫剧品牌D-账号-0516,漫剧品牌D,64,2,0.48305,0.48,0.03125,7.547656249999999,0.241525,0.0,0.0,0.24,0.49684297691750334,0.24,0.49684297691750334,10,20.701790704895974,0.15625,0.03125,0.241525,7.547656249999999,0.49684297691750334,0.49684297691750334,0.048305,0.15625,False,False,数据不足/低量池
2026-07-01,MJ-0264,漫剧品牌C-账号-0264,漫剧品牌C,185,6,0.46571,0.46,0.032432432432432434,2.5173513513513512,0.07761833333333333,0.0,0.0,0.4,0.8589036095424192,0.4,0.8589036095424192,13,27.91436731012862,0.07027027027027027,0.032432432432432434,0.07761833333333333,2.5173513513513512,0.8589036095424192,0.8589036095424192,0.03582384615384616,0.07027027027027027,False,False,数据不足/低量池
2026-07-01,MJ-0445,漫剧品牌D-账号-0445,漫剧品牌D,55,29,0.44,0.43,0.5272727272727272,8.0,0.015172413793103448,0.0,0.0,0.0,0.0,0.0,0.0,4,9.090909090909092,0.07272727272727272,0.5272727272727272,0.015172413793103448,8.0,0.0,0.0,0.11,0.07272727272727272,False,False,数据不足/低量池
2026-07-01,MJ-0337,漫剧品牌C-账号-0337,漫剧品牌C,143,2,0.40101,0.39,0.013986013986013986,2.804265734265734,0.200505,0.0,0.0,0.1,0.2493703398917733,0.1,0.2493703398917733,11,27.43073738809506,0.07692307692307693,0.013986013986013986,0.200505,2.804265734265734,0.2493703398917733,0.2493703398917733,0.03645545454545454,0.07692307692307693,False,False,数据不足/低量池
2026-07-01,MJ-0295,漫剧品牌C-账号-0295,漫剧品牌C,225,1,0.39893,0.4,0.0044444444444444444,1.7730222222222223,0.39893,0.0,0.0,0.01,0.02506705437044093,0.01,0.02506705437044093,8,20.053643496352745,0.035555555555555556,0.0044444444444444444,0.39893,1.7730222222222223,0.02506705437044093,0.02506705437044093,0.04986625,0.035555555555555556,False,False,数据不足/低量池
2026-07-01,MJ-0392,漫剧品牌A-账号-0392,漫剧品牌A,207,2,0.36861,0.36,0.00966183574879227,1.7807246376811594,0.184305,0.0,0.0,0.0,0.0,0.0,0.0,1,2.7128943870215134,0.004830917874396135,0.00966183574879227,0.184305,1.7807246376811594,0.0,0.0,0.36861,0.004830917874396135,False,False,数据不足/低量池
2026-07-01,MJ-0262,漫剧品牌B-账号-0262,漫剧品牌B,37,4,0.36595,0.34,0.10810810810810811,9.890540540540542,0.0914875,0.0,0.0,0.9,2.459352370542424,0.9,2.459352370542424,6,16.395682470282825,0.16216216216216217,0.10810810810810811,0.0914875,9.890540540540542,2.459352370542424,2.459352370542424,0.060991666666666666,0.16216216216216217,False,False,数据不足/低量池
2026-07-01,MJ-0343,漫剧品牌C-账号-0343,漫剧品牌C,143,3,0.34614,0.34,0.02097902097902098,2.4205594405594404,0.11538,0.0,0.0,0.17,0.49113075634136477,0.17,0.49113075634136477,15,43.33506673600277,0.1048951048951049,0.02097902097902098,0.11538,2.4205594405594404,0.49113075634136477,0.49113075634136477,0.023076,0.1048951048951049,False,False,数据不足/低量池
2026-07-01,MJ-0178,漫剧品牌A-账号-0178,漫剧品牌A,94,4,0.32605,0.29,0.0425531914893617,3.4686170212765957,0.0815125,0.0,0.0,0.19,0.5827327097071001,0.19,0.5827327097071001,1,3.0670142616163165,0.010638297872340425,0.0425531914893617,0.0815125,3.4686170212765957,0.5827327097071001,0.5827327097071001,0.32605,0.010638297872340425,False,False,数据不足/低量池
2026-07-01,MJ-0246,漫剧品牌B-账号-0246,漫剧品牌B,42,1,0.32583,0.31,0.023809523809523808,7.757857142857143,0.32583,0.0,0.0,0.0,0.0,0.0,0.0,1,3.069085105729982,0.023809523809523808,0.023809523809523808,0.32583,7.757857142857143,0.0,0.0,0.32583,0.023809523809523808,False,False,数据不足/低量池
2026-07-01,MJ-0265,漫剧品牌B-账号-0265,漫剧品牌B,40,1,0.32121,0.3,0.025,8.030249999999999,0.32121,0.0,0.0,0.0,0.0,0.0,0.0,1,3.113228106223343,0.025,0.025,0.32121,8.030249999999999,0.0,0.0,0.32121,0.025,False,False,数据不足/低量池
2026-07-01,MJ-0342,漫剧品牌C-账号-0342,漫剧品牌C,68,3,0.31267,0.31,0.04411764705882353,4.598088235294117,0.10422333333333333,0.0,0.0,0.63,2.0149038922825984,0.63,2.0149038922825984,7,22.387821025362204,0.10294117647058823,0.04411764705882353,0.10422333333333333,4.598088235294117,2.0149038922825984,2.0149038922825984,0.04466714285714286,0.10294117647058823,False,False,数据不足/低量池
2026-07-01,MJ-0243,漫剧品牌B-账号-0243,漫剧品牌B,29,3,0.30019,0.27,0.10344827586206896,10.351379310344829,0.10006333333333334,0.0,0.0,0.54,1.7988607215430228,0.54,1.7988607215430228,3,9.993670675239015,0.10344827586206896,0.10344827586206896,0.10006333333333334,10.351379310344829,1.7988607215430228,1.7988607215430228,0.10006333333333334,0.10344827586206896,False,False,数据不足/低量池
2026-07-01,MJ-0266,漫剧品牌B-账号-0266,漫剧品牌B,40,1,0.29194,0.26,0.025,7.2985,0.29194,0.0,0.0,0.0,0.0,0.0,0.0,1,3.425361375625129,0.025,0.025,0.29194,7.2985,0.0,0.0,0.29194,0.025,False,False,数据不足/低量池
2026-07-01,MJ-0047,漫剧品牌B-账号-0047,漫剧品牌B,45,4,0.26061,0.24,0.08888888888888889,5.791333333333333,0.0651525,0.0,0.0,0.01,0.03837151298875715,0.01,0.03837151298875715,4,15.348605195502858,0.08888888888888889,0.08888888888888889,0.0651525,5.791333333333333,0.03837151298875715,0.03837151298875715,0.0651525,0.08888888888888889,False,False,数据不足/低量池
2026-07-01,MJ-0401,漫剧品牌B-账号-0401,漫剧品牌B,45,0,0.25871,0.23,0.0,5.7491111111111115,0.0,0.0,0.0,0.0,0.0,0.0,0.0,1,3.865331838738356,0.022222222222222223,0.0,,5.7491111111111115,0.0,0.0,0.25871,0.022222222222222223,False,False,数据不足/低量池
2026-07-01,MJ-0221,漫剧品牌B-账号-0221,漫剧品牌B,78,2,0.25845,0.24,0.02564102564102564,3.3134615384615387,0.129225,0.0,0.0,0.0,0.0,0.0,0.0,3,11.607661056297156,0.038461538461538464,0.02564102564102564,0.129225,3.3134615384615387,0.0,0.0,0.08615,0.038461538461538464,False,False,数据不足/低量池
2026-07-01,MJ-0388,漫剧品牌B-账号-0388,漫剧品牌B,58,1,0.25092,0.23,0.017241379310344827,4.3262068965517235,0.25092,0.0,0.0,0.0,0.0,0.0,0.0,2,7.970667941973538,0.034482758620689655,0.017241379310344827,0.25092,4.3262068965517235,0.0,0.0,0.12546,0.034482758620689655,False,False,数据不足/低量池
2026-07-01,MJ-0175,漫剧品牌A-账号-0175,漫剧品牌A,214,1,0.24693,0.21,0.004672897196261682,1.1538785046728974,0.24693,0.0,0.0,0.09,0.3644757623618029,0.09,0.3644757623618029,1,4.049730692908922,0.004672897196261682,0.004672897196261682,0.24693,1.1538785046728974,0.3644757623618029,0.3644757623618029,0.24693,0.004672897196261682,False,False,数据不足/低量池
2026-07-01,MJ-0031,漫剧品牌B-账号-0031,漫剧品牌B,54,2,0.24325,0.23,0.037037037037037035,4.504629629629629,0.121625,0.0,0.0,0.0,0.0,0.0,0.0,4,16.44398766700925,0.07407407407407407,0.037037037037037035,0.121625,4.504629629629629,0.0,0.0,0.0608125,0.07407407407407407,False,False,数据不足/低量池
2026-07-01,MJ-0184,漫剧品牌A-账号-0184,漫剧品牌A,40,1,0.24245,0.21,0.025,6.061249999999999,0.24245,0.0,0.0,0.0,0.0,0.0,0.0,1,4.124561765312436,0.025,0.025,0.24245,6.061249999999999,0.0,0.0,0.24245,0.025,False,False,数据不足/低量池
2026-07-01,MJ-0391,漫剧品牌B-账号-0391,漫剧品牌B,45,2,0.24239,0.23,0.044444444444444446,5.386444444444445,0.121195,0.0,0.0,0.0,0.0,0.0,0.0,3,12.376748215685465,0.06666666666666667,0.044444444444444446,0.121195,5.386444444444445,0.0,0.0,0.08079666666666667,0.06666666666666667,False,False,数据不足/低量池
2026-07-01,MJ-0007,漫剧品牌B-账号-0007,漫剧品牌B,50,1,0.22591,0.2,0.02,4.5182,0.22591,0.0,0.0,0.0,0.0,0.0,0.0,2,8.853083086184764,0.04,0.02,0.22591,4.5182,0.0,0.0,0.112955,0.04,False,False,数据不足/低量池
2026-07-01,MJ-0254,漫剧品牌B-账号-0254,漫剧品牌B,20,0,0.22496,0.2,0.0,11.248,0.0,0.0,0.0,0.0,0.0,0.0,0.0,1,4.445234708392603,0.05,0.0,,11.248,0.0,0.0,0.22496,0.05,False,False,数据不足/低量池
2026-07-01,MJ-0024,漫剧品牌B-账号-0024,漫剧品牌B,70,0,0.22333,0.21,0.0,3.1904285714285714,0.0,0.0,0.0,0.0,0.0,0.0,0.0,0,0.0,0.0,0.0,,3.1904285714285714,0.0,0.0,,0.0,False,False,数据不足/低量池
2026-07-01,MJ-0034,漫剧品牌B-账号-0034,漫剧品牌B,29,1,0.21291,0.19,0.034482758620689655,7.341724137931034,0.21291,0.0,0.0,0.19,0.8923958480108967,0.19,0.8923958480108967,1,4.69682025268893,0.034482758620689655,0.034482758620689655,0.21291,7.341724137931034,0.8923958480108967,0.8923958480108967,0.21291,0.034482758620689655,False,False,数据不足/低量池
2026-07-01,MJ-0291,漫剧品牌C-账号-0291,漫剧品牌C,92,0,0.21191,0.2,0.0,2.303369565217391,0.0,0.0,0.0,0.0,0.0,0.0,0.0,9,42.470860270869714,0.09782608695652174,0.0,,2.303369565217391,0.0,0.0,0.023545555555555556,0.09782608695652174,False,False,数据不足/低量池
2026-07-01,MJ-0478,漫剧品牌G-账号-0478,漫剧品牌G,30,1,0.20913,0.2,0.03333333333333333,6.971000000000001,0.20913,0.0,0.0,0.26,1.2432458279539043,0.26,1.2432458279539043,4,19.126858891598527,0.13333333333333333,0.03333333333333333,0.20913,6.971000000000001,1.2432458279539043,1.2432458279539043,0.0522825,0.13333333333333333,False,False,数据不足/低量池
2026-07-01,MJ-0443,漫剧品牌B-账号-0443,漫剧品牌B,48,1,0.20763,0.18,0.020833333333333332,4.3256250000000005,0.20763,0.0,0.0,0.0,0.0,0.0,0.0,2,9.632519385445264,0.041666666666666664,0.020833333333333332,0.20763,4.3256250000000005,0.0,0.0,0.103815,0.041666666666666664,False,False,数据不足/低量池
2026-07-01,MJ-0416,漫剧品牌B-账号-0416,漫剧品牌B,53,1,0.20739,0.18,0.018867924528301886,3.913018867924528,0.20739,0.0,0.0,0.0,0.0,0.0,0.0,4,19.287333044023338,0.07547169811320754,0.018867924528301886,0.20739,3.913018867924528,0.0,0.0,0.0518475,0.07547169811320754,False,False,数据不足/低量池
2026-07-01,MJ-0438,漫剧品牌B-账号-0438,漫剧品牌B,62,3,0.20311,0.18,0.04838709677419355,3.2759677419354842,0.06770333333333334,0.0,0.0,0.01,0.04923440500221555,0.01,0.04923440500221555,4,19.693762000886217,0.06451612903225806,0.04838709677419355,0.06770333333333334,3.2759677419354842,0.04923440500221555,0.04923440500221555,0.0507775,0.06451612903225806,False,False,数据不足/低量池
2026-07-01,MJ-0420,漫剧品牌B-账号-0420,漫剧品牌B,45,1,0.20204,0.18,0.022222222222222223,4.489777777777777,0.20204,0.0,0.0,0.0,0.0,0.0,0.0,1,4.949514947535142,0.022222222222222223,0.022222222222222223,0.20204,4.489777777777777,0.0,0.0,0.20204,0.022222222222222223,False,False,数据不足/低量池
2026-07-01,MJ-0256,漫剧品牌B-账号-0256,漫剧品牌B,45,2,0.20094,0.18,0.044444444444444446,4.465333333333334,0.10047,0.0,0.0,0.0,0.0,0.0,0.0,2,9.953219866626853,0.044444444444444446,0.044444444444444446,0.10047,4.465333333333334,0.0,0.0,0.10047,0.044444444444444446,False,False,数据不足/低量池
2026-07-01,MJ-0380,漫剧品牌A-账号-0380,漫剧品牌A,187,1,0.19981,0.18,0.0053475935828877,1.0685026737967913,0.19981,0.0,0.0,0.0,0.0,0.0,0.0,1,5.0047545167909515,0.0053475935828877,0.0053475935828877,0.19981,1.0685026737967913,0.0,0.0,0.19981,0.0053475935828877,False,False,数据不足/低量池
2026-07-01,MJ-0016,漫剧品牌B-账号-0016,漫剧品牌B,40,0,0.19915,0.18,0.0,4.97875,0.0,0.0,0.0,0.0,0.0,0.0,0.0,0,0.0,0.0,0.0,,4.97875,0.0,0.0,,0.0,False,False,数据不足/低量池
2026-07-01,MJ-0261,漫剧品牌B-账号-0261,漫剧品牌B,43,3,0.19847,0.16,0.06976744186046512,4.615581395348838,0.06615666666666667,0.0,0.0,0.0,0.0,0.0,0.0,3,15.115634604726155,0.06976744186046512,0.06976744186046512,0.06615666666666667,4.615581395348838,0.0,0.0,0.06615666666666667,0.06976744186046512,False,False,数据不足/低量池
2026-07-01,MJ-0402,漫剧品牌B-账号-0402,漫剧品牌B,52,2,0.1965,0.18,0.038461538461538464,3.7788461538461537,0.09825,0.0,0.0,0.0,0.0,0.0,0.0,2,10.178117048346056,0.038461538461538464,0.038461538461538464,0.09825,3.7788461538461537,0.0,0.0,0.09825,0.038461538461538464,False,False,数据不足/低量池
2026-07-01,MJ-0027,漫剧品牌B-账号-0027,漫剧品牌B,47,3,0.19629,0.18,0.06382978723404255,4.176382978723404,0.06543,0.0,0.0,0.0,0.0,0.0,0.0,2,10.189006062458608,0.0425531914893617,0.06382978723404255,0.06543,4.176382978723404,0.0,0.0,0.098145,0.0425531914893617,False,False,数据不足/低量池
2026-07-01,MJ-0382,漫剧品牌B-账号-0382,漫剧品牌B,33,1,0.19425,0.16,0.030303030303030304,5.886363636363637,0.19425,0.0,0.0,0.03,0.15444015444015444,0.03,0.15444015444015444,1,5.148005148005148,0.030303030303030304,0.030303030303030304,0.19425,5.886363636363637,0.15444015444015444,0.15444015444015444,0.19425,0.030303030303030304,False,False,数据不足/低量池
2026-07-01,MJ-0259,漫剧品牌B-账号-0259,漫剧品牌B,37,1,0.1933,0.15,0.02702702702702703,5.224324324324324,0.1933,0.0,0.0,0.01,0.05173305742369374,0.01,0.05173305742369374,1,5.173305742369374,0.02702702702702703,0.02702702702702703,0.1933,5.224324324324324,0.05173305742369374,0.05173305742369374,0.1933,0.02702702702702703,False,False,数据不足/低量池
2026-07-01,MJ-0050,漫剧品牌B-账号-0050,漫剧品牌B,40,1,0.18775,0.16,0.025,4.69375,0.18775,0.0,0.0,0.0,0.0,0.0,0.0,1,5.326231691078562,0.025,0.025,0.18775,4.69375,0.0,0.0,0.18775,0.025,False,False,数据不足/低量池
2026-07-01,MJ-0056,漫剧品牌B-账号-0056,漫剧品牌B,29,1,0.18442,0.16,0.034482758620689655,6.359310344827587,0.18442,0.0,0.0,0.0,0.0,0.0,0.0,1,5.422405379026136,0.034482758620689655,0.034482758620689655,0.18442,6.359310344827587,0.0,0.0,0.18442,0.034482758620689655,False,False,数据不足/低量池
2026-07-01,MJ-0185,漫剧品牌A-账号-0185,漫剧品牌A,176,3,0.18275,0.16,0.017045454545454544,1.0383522727272727,0.06091666666666667,0.0,0.0,0.0,0.0,0.0,0.0,1,5.471956224350206,0.005681818181818182,0.017045454545454544,0.06091666666666667,1.0383522727272727,0.0,0.0,0.18275,0.005681818181818182,False,False,数据不足/低量池
2026-07-01,MJ-0026,漫剧品牌B-账号-0026,漫剧品牌B,38,1,0.17444,0.15,0.02631578947368421,4.590526315789473,0.17444,0.0,0.0,0.0,0.0,0.0,0.0,2,11.465260261407932,0.05263157894736842,0.02631578947368421,0.17444,4.590526315789473,0.0,0.0,0.08722,0.05263157894736842,False,False,数据不足/低量池
2026-07-01,MJ-0406,漫剧品牌B-账号-0406,漫剧品牌B,29,1,0.17307,0.14,0.034482758620689655,5.967931034482759,0.17307,0.0,0.0,0.0,0.0,0.0,0.0,1,5.778008898133703,0.034482758620689655,0.034482758620689655,0.17307,5.967931034482759,0.0,0.0,0.17307,0.034482758620689655,False,False,数据不足/低量池
2026-07-01,MJ-0447,漫剧品牌B-账号-0447,漫剧品牌B,38,0,0.17255,0.15,0.0,4.540789473684211,0.0,0.0,0.0,0.0,0.0,0.0,0.0,0,0.0,0.0,0.0,,4.540789473684211,0.0,0.0,,0.0,False,False,数据不足/低量池
2026-07-01,MJ-0417,漫剧品牌B-账号-0417,漫剧品牌B,50,1,0.1701,0.15,0.02,3.402,0.1701,0.0,0.0,0.0,0.0,0.0,0.0,1,5.878894767783657,0.02,0.02,0.1701,3.402,0.0,0.0,0.1701,0.02,False,False,数据不足/低量池
2026-07-01,MJ-0174,漫剧品牌A-账号-0174,漫剧品牌A,144,2,0.16839,0.13,0.013888888888888888,1.169375,0.084195,0.0,0.0,0.0,0.0,0.0,0.0,1,5.93859492843993,0.006944444444444444,0.013888888888888888,0.084195,1.169375,0.0,0.0,0.16839,0.006944444444444444,False,False,数据不足/低量池
2026-07-01,MJ-0173,漫剧品牌A-账号-0173,漫剧品牌A,85,1,0.1671,0.13,0.011764705882352941,1.9658823529411762,0.1671,0.0,0.0,0.0,0.0,0.0,0.0,1,5.9844404548174746,0.011764705882352941,0.011764705882352941,0.1671,1.9658823529411762,0.0,0.0,0.1671,0.011764705882352941,False,False,数据不足/低量池
2026-07-01,MJ-0409,漫剧品牌D-账号-0409,漫剧品牌D,35,14,0.1667,0.15,0.4,4.7628571428571425,0.011907142857142856,0.0,0.0,0.0,0.0,0.0,0.0,1,5.99880023995201,0.02857142857142857,0.4,0.011907142857142856,4.7628571428571425,0.0,0.0,0.1667,0.02857142857142857,False,False,数据不足/低量池
2026-07-01,MJ-0023,漫剧品牌B-账号-0023,漫剧品牌B,23,0,0.16068,0.15,0.0,6.9860869565217385,0.0,0.0,0.0,0.0,0.0,0.0,0.0,0,0.0,0.0,0.0,,6.9860869565217385,0.0,0.0,,0.0,False,False,数据不足/低量池
2026-07-01,MJ-0390,漫剧品牌B-账号-0390,漫剧品牌B,45,0,0.15684,0.14,0.0,3.485333333333333,0.0,0.0,0.0,0.0,0.0,0.0,0.0,0,0.0,0.0,0.0,,3.485333333333333,0.0,0.0,,0.0,False,False,数据不足/低量池
2026-07-01,MJ-0463,漫剧品牌H-账号-0463,漫剧品牌H,10,1,0.15114,0.14,0.1,15.113999999999999,0.15114,0.0,0.0,1.08,7.1456927352123865,1.08,7.1456927352123865,4,26.465528648934765,0.4,0.1,0.15114,15.113999999999999,7.1456927352123865,7.1456927352123865,0.037785,0.4,False,False,数据不足/低量池
2026-07-01,MJ-0418,漫剧品牌D-账号-0418,漫剧品牌D,40,18,0.13831,0.13,0.45,3.45775,0.0076838888888888885,0.0,0.0,0.0,0.0,0.0,0.0,4,28.920540814113227,0.1,0.45,0.0076838888888888885,3.45775,0.0,0.0,0.0345775,0.1,False,False,数据不足/低量池
2026-07-01,MJ-0213,漫剧品牌B-账号-0213,漫剧品牌B,31,1,0.13804,0.12,0.03225806451612903,4.452903225806452,0.13804,0.0,0.0,0.0,0.0,0.0,0.0,1,7.244277021153289,0.03225806451612903,0.03225806451612903,0.13804,4.452903225806452,0.0,0.0,0.13804,0.03225806451612903,False,False,数据不足/低量池
2026-07-01,MJ-0218,漫剧品牌B-账号-0218,漫剧品牌B,18,1,0.1367,0.12,0.05555555555555555,7.594444444444443,0.1367,0.0,0.0,0.0,0.0,0.0,0.0,1,7.31528895391368,0.05555555555555555,0.05555555555555555,0.1367,7.594444444444443,0.0,0.0,0.1367,0.05555555555555555,False,False,数据不足/低量池
2026-07-01,MJ-0037,漫剧品牌B-账号-0037,漫剧品牌B,39,2,0.13537,0.11,0.05128205128205128,3.471025641025641,0.067685,0.0,0.0,0.0,0.0,0.0,0.0,2,14.774322227967794,0.05128205128205128,0.05128205128205128,0.067685,3.471025641025641,0.0,0.0,0.067685,0.05128205128205128,False,False,数据不足/低量池
2026-07-01,MJ-0038,漫剧品牌B-账号-0038,漫剧品牌B,38,0,0.13411,0.12,0.0,3.5292105263157896,0.0,0.0,0.0,0.0,0.0,0.0,0.0,1,7.456565505927969,0.02631578947368421,0.0,,3.5292105263157896,0.0,0.0,0.13411,0.02631578947368421,False,False,数据不足/低量池
2026-07-01,MJ-0412,漫剧品牌B-账号-0412,漫剧品牌B,33,1,0.13314,0.12,0.030303030303030304,4.034545454545455,0.13314,0.0,0.0,0.0,0.0,0.0,0.0,2,15.021781583295779,0.06060606060606061,0.030303030303030304,0.13314,4.034545454545455,0.0,0.0,0.06657,0.06060606060606061,False,False,数据不足/低量池
2026-07-01,MJ-0251,漫剧品牌B-账号-0251,漫剧品牌B,34,0,0.13099,0.09,0.0,3.8526470588235293,0.0,0.0,0.0,0.0,0.0,0.0,0.0,1,7.6341705473700285,0.029411764705882353,0.0,,3.8526470588235293,0.0,0.0,0.13099,0.029411764705882353,False,False,数据不足/低量池
2026-07-01,MJ-0519,漫剧品牌D-账号-0519,漫剧品牌D,21,1,0.13049,0.12,0.047619047619047616,6.213809523809523,0.13049,0.0,0.0,0.0,0.0,0.0,0.0,2,15.32684496896314,0.09523809523809523,0.047619047619047616,0.13049,6.213809523809523,0.0,0.0,0.065245,0.09523809523809523,False,False,数据不足/低量池
2026-07-01,MJ-0014,漫剧品牌B-账号-0014,漫剧品牌B,16,1,0.12904,0.12,0.0625,8.065,0.12904,0.0,0.0,0.92,7.129572225666461,0.92,7.129572225666461,2,15.499070055796654,0.125,0.0625,0.12904,8.065,7.129572225666461,7.129572225666461,0.06452,0.125,False,False,数据不足/低量池
2026-07-01,MJ-0030,漫剧品牌B-账号-0030,漫剧品牌B,42,1,0.12808,0.11,0.023809523809523808,3.0495238095238095,0.12808,0.0,0.0,0.0,0.0,0.0,0.0,1,7.807620237351656,0.023809523809523808,0.023809523809523808,0.12808,3.0495238095238095,0.0,0.0,0.12808,0.023809523809523808,False,False,数据不足/低量池
2026-07-01,MJ-0381,漫剧品牌A-账号-0381,漫剧品牌A,188,3,0.1266,0.11,0.015957446808510637,0.6734042553191489,0.042199999999999994,0.0,0.0,0.0,0.0,0.0,0.0,2,15.797788309636653,0.010638297872340425,0.015957446808510637,0.042199999999999994,0.6734042553191489,0.0,0.0,0.0633,0.010638297872340425,False,False,数据不足/低量池
2026-07-01,MJ-0019,漫剧品牌B-账号-0019,漫剧品牌B,34,1,0.12488,0.1,0.029411764705882353,3.6729411764705886,0.12488,0.0,0.0,0.04,0.3203074951953876,0.04,0.3203074951953876,1,8.00768737988469,0.029411764705882353,0.029411764705882353,0.12488,3.6729411764705886,0.3203074951953876,0.3203074951953876,0.12488,0.029411764705882353,False,False,数据不足/低量池
2026-07-01,MJ-0400,漫剧品牌B-账号-0400,漫剧品牌B,22,1,0.1247,0.11,0.045454545454545456,5.668181818181819,0.1247,0.0,0.0,0.18,1.4434643143544506,0.18,1.4434643143544506,1,8.019246190858059,0.045454545454545456,0.045454545454545456,0.1247,5.668181818181819,1.4434643143544506,1.4434643143544506,0.1247,0.045454545454545456,False,False,数据不足/低量池
2026-07-01,MJ-0428,漫剧品牌B-账号-0428,漫剧品牌B,24,0,0.12263,0.11,0.0,5.109583333333333,0.0,0.0,0.0,0.0,0.0,0.0,0.0,0,0.0,0.0,0.0,,5.109583333333333,0.0,0.0,,0.0,False,False,数据不足/低量池
2026-07-01,MJ-0043,漫剧品牌B-账号-0043,漫剧品牌B,38,2,0.1226,0.1,0.05263157894736842,3.2263157894736842,0.0613,0.0,0.0,0.0,0.0,0.0,0.0,2,16.31321370309951,0.05263157894736842,0.05263157894736842,0.0613,3.2263157894736842,0.0,0.0,0.0613,0.05263157894736842,False,False,数据不足/低量池
2026-07-01,MJ-0181,漫剧品牌A-账号-0181,漫剧品牌A,130,0,0.11987,0.1,0.0,0.9220769230769231,0.0,0.0,0.0,0.0,0.0,0.0,0.0,1,8.342370901810295,0.007692307692307693,0.0,,0.9220769230769231,0.0,0.0,0.11987,0.007692307692307693,False,False,数据不足/低量池
2026-07-01,MJ-0022,漫剧品牌B-账号-0022,漫剧品牌B,35,1,0.11701,0.09,0.02857142857142857,3.343142857142857,0.11701,0.0,0.0,0.0,0.0,0.0,0.0,1,8.54627809588924,0.02857142857142857,0.02857142857142857,0.11701,3.343142857142857,0.0,0.0,0.11701,0.02857142857142857,False,False,数据不足/低量池
2026-07-01,MJ-0180,漫剧品牌A-账号-0180,漫剧品牌A,87,1,0.11215,0.07,0.011494252873563218,1.2890804597701149,0.11215,0.0,0.0,0.0,0.0,0.0,0.0,0,0.0,0.0,0.011494252873563218,0.11215,1.2890804597701149,0.0,0.0,,0.0,False,False,数据不足/低量池
2026-07-01,MJ-0041,漫剧品牌B-账号-0041,漫剧品牌B,26,1,0.11001,0.09,0.038461538461538464,4.2311538461538465,0.11001,0.0,0.0,0.0,0.0,0.0,0.0,1,9.09008271975275,0.038461538461538464,0.038461538461538464,0.11001,4.2311538461538465,0.0,0.0,0.11001,0.038461538461538464,False,False,数据不足/低量池
2026-07-01,MJ-0403,漫剧品牌D-账号-0403,漫剧品牌D,29,9,0.10973,0.1,0.3103448275862069,3.783793103448276,0.012192222222222222,0.0,0.0,0.0,0.0,0.0,0.0,0,0.0,0.0,0.3103448275862069,0.012192222222222222,3.783793103448276,0.0,0.0,,0.0,False,False,数据不足/低量池
2026-07-01,MJ-0054,漫剧品牌B-账号-0054,漫剧品牌B,32,1,0.10905,0.08,0.03125,3.4078125,0.10905,0.0,0.0,0.15,1.375515818431912,0.15,1.375515818431912,1,9.170105456212747,0.03125,0.03125,0.10905,3.4078125,1.375515818431912,1.375515818431912,0.10905,0.03125,False,False,数据不足/低量池
2026-07-01,MJ-0237,漫剧品牌B-账号-0237,漫剧品牌B,31,0,0.10817,0.09,0.0,3.4893548387096773,0.0,0.0,0.0,0.0,0.0,0.0,0.0,0,0.0,0.0,0.0,,3.4893548387096773,0.0,0.0,,0.0,False,False,数据不足/低量池
2026-07-01,MJ-0188,漫剧品牌A-账号-0188,漫剧品牌A,79,1,0.10791,0.09,0.012658227848101266,1.3659493670886078,0.10791,0.0,0.0,0.0,0.0,0.0,0.0,1,9.266981744045964,0.012658227848101266,0.012658227848101266,0.10791,1.3659493670886078,0.0,0.0,0.10791,0.012658227848101266,False,False,数据不足/低量池
2026-07-01,MJ-0231,漫剧品牌B-账号-0231,漫剧品牌B,23,1,0.10226,0.08,0.043478260869565216,4.446086956521739,0.10226,0.0,0.0,0.0,0.0,0.0,0.0,1,9.778994719342851,0.043478260869565216,0.043478260869565216,0.10226,4.446086956521739,0.0,0.0,0.10226,0.043478260869565216,False,False,数据不足/低量池
2026-07-01,MJ-0426,漫剧品牌B-账号-0426,漫剧品牌B,35,2,0.10008,0.09,0.05714285714285714,2.8594285714285714,0.05004,0.0,0.0,0.0,0.0,0.0,0.0,2,19.984012789768187,0.05714285714285714,0.05714285714285714,0.05004,2.8594285714285714,0.0,0.0,0.05004,0.05714285714285714,False,False,数据不足/低量池
2026-07-01,MJ-0029,漫剧品牌C-账号-0029,漫剧品牌C,29,0,0.0974,0.1,0.0,3.3586206896551727,0.0,0.0,0.0,0.0,0.0,0.0,0.0,4,41.06776180698152,0.13793103448275862,0.0,,3.3586206896551727,0.0,0.0,0.02435,0.13793103448275862,False,False,数据不足/低量池
2026-07-01,MJ-0432,漫剧品牌D-账号-0432,漫剧品牌D,7,0,0.0964,0.09,0.0,13.771428571428572,0.0,0.0,0.0,0.0,0.0,0.0,0.0,1,10.37344398340249,0.14285714285714285,0.0,,13.771428571428572,0.0,0.0,0.0964,0.14285714285714285,False,False,数据不足/低量池
2026-07-01,MJ-0415,漫剧品牌B-账号-0415,漫剧品牌B,29,0,0.09615,0.07,0.0,3.31551724137931,0.0,0.0,0.0,0.0,0.0,0.0,0.0,1,10.400416016640666,0.034482758620689655,0.0,,3.31551724137931,0.0,0.0,0.09615,0.034482758620689655,False,False,数据不足/低量池
2026-07-01,MJ-0200,漫剧品牌B-账号-0200,漫剧品牌B,14,1,0.09608,0.08,0.07142857142857142,6.862857142857143,0.09608,0.0,0.0,0.0,0.0,0.0,0.0,1,10.407993338884264,0.07142857142857142,0.07142857142857142,0.09608,6.862857142857143,0.0,0.0,0.09608,0.07142857142857142,False,False,数据不足/低量池
2026-07-01,MJ-0394,漫剧品牌B-账号-0394,漫剧品牌B,14,0,0.09408,0.07,0.0,6.72,0.0,0.0,0.0,0.0,0.0,0.0,0.0,0,0.0,0.0,0.0,,6.72,0.0,0.0,,0.0,False,False,数据不足/低量池
2026-07-01,MJ-0183,漫剧品牌G-账号-0183,漫剧品牌G,12,7,0.0932,0.09,0.5833333333333334,7.7666666666666675,0.013314285714285714,0.0,0.0,0.0,0.0,0.0,0.0,0,0.0,0.0,0.5833333333333334,0.013314285714285714,7.7666666666666675,0.0,0.0,,0.0,False,False,数据不足/低量池
2026-07-01,MJ-0397,漫剧品牌B-账号-0397,漫剧品牌B,27,1,0.093,0.07,0.037037037037037035,3.4444444444444446,0.093,0.0,0.0,0.0,0.0,0.0,0.0,1,10.75268817204301,0.037037037037037035,0.037037037037037035,0.093,3.4444444444444446,0.0,0.0,0.093,0.037037037037037035,False,False,数据不足/低量池
2026-07-01,MJ-0385,漫剧品牌B-账号-0385,漫剧品牌B,27,1,0.08986,0.07,0.037037037037037035,3.3281481481481476,0.08986,0.0,0.0,0.0,0.0,0.0,0.0,1,11.128421989761852,0.037037037037037035,0.037037037037037035,0.08986,3.3281481481481476,0.0,0.0,0.08986,0.037037037037037035,False,False,数据不足/低量池
2026-07-01,MJ-0384,漫剧品牌A-账号-0384,漫剧品牌A,86,1,0.08667,0.07,0.011627906976744186,1.0077906976744186,0.08667,0.0,0.0,0.0,0.0,0.0,0.0,0,0.0,0.0,0.011627906976744186,0.08667,1.0077906976744186,0.0,0.0,,0.0,False,False,数据不足/低量池
2026-07-01,MJ-0046,漫剧品牌B-账号-0046,漫剧品牌B,30,1,0.08316,0.07,0.03333333333333333,2.772,0.08316,0.0,0.0,0.0,0.0,0.0,0.0,1,12.025012025012025,0.03333333333333333,0.03333333333333333,0.08316,2.772,0.0,0.0,0.08316,0.03333333333333333,False,False,数据不足/低量池
2026-07-01,MJ-0209,漫剧品牌B-账号-0209,漫剧品牌B,19,0,0.07635,0.07,0.0,4.018421052631579,0.0,0.0,0.0,0.0,0.0,0.0,0.0,0,0.0,0.0,0.0,,4.018421052631579,0.0,0.0,,0.0,False,False,数据不足/低量池
2026-07-01,MJ-0248,漫剧品牌B-账号-0248,漫剧品牌B,12,1,0.07544,0.07,0.08333333333333333,6.286666666666666,0.07544,0.0,0.0,0.0,0.0,0.0,0.0,1,13.255567338282079,0.08333333333333333,0.08333333333333333,0.07544,6.286666666666666,0.0,0.0,0.07544,0.08333333333333333,False,False,数据不足/低量池
2026-07-01,MJ-0164,漫剧品牌A-账号-0164,漫剧品牌A,27,1,0.07013,0.06,0.037037037037037035,2.5974074074074074,0.07013,0.0,0.0,0.0,0.0,0.0,0.0,1,14.259232853272495,0.037037037037037035,0.037037037037037035,0.07013,2.5974074074074074,0.0,0.0,0.07013,0.037037037037037035,False,False,数据不足/低量池
2026-07-01,MJ-0177,漫剧品牌A-账号-0177,漫剧品牌A,105,0,0.06721,0.06,0.0,0.6400952380952382,0.0,0.0,0.0,0.0,0.0,0.0,0.0,1,14.8787382829936,0.009523809523809525,0.0,,0.6400952380952382,0.0,0.0,0.06721,0.009523809523809525,False,False,数据不足/低量池
2026-07-01,MJ-0045,漫剧品牌C-账号-0045,漫剧品牌C,14,0,0.06664,0.06,0.0,4.760000000000001,0.0,0.0,0.0,0.0,0.0,0.0,0.0,1,15.006002400960384,0.07142857142857142,0.0,,4.760000000000001,0.0,0.0,0.06664,0.07142857142857142,False,False,数据不足/低量池
2026-07-01,MJ-0506,漫剧品牌E-账号-0506,漫剧品牌E,12,1,0.06634,0.06,0.08333333333333333,5.528333333333333,0.06634,0.0,0.0,0.0,0.0,0.0,0.0,1,15.073861923424783,0.08333333333333333,0.08333333333333333,0.06634,5.528333333333333,0.0,0.0,0.06634,0.08333333333333333,False,False,数据不足/低量池
2026-07-01,MJ-0235,漫剧品牌B-账号-0235,漫剧品牌B,19,1,0.06129,0.04,0.05263157894736842,3.2257894736842103,0.06129,0.0,0.0,0.0,0.0,0.0,0.0,2,32.631750693424706,0.10526315789473684,0.05263157894736842,0.06129,3.2257894736842103,0.0,0.0,0.030645,0.10526315789473684,False,False,数据不足/低量池
2026-07-01,MJ-0269,漫剧品牌B-账号-0269,漫剧品牌B,19,1,0.0602,0.04,0.05263157894736842,3.1684210526315786,0.0602,0.0,0.0,0.0,0.0,0.0,0.0,1,16.611295681063122,0.05263157894736842,0.05263157894736842,0.0602,3.1684210526315786,0.0,0.0,0.0602,0.05263157894736842,False,False,数据不足/低量池
2026-07-01,MJ-0424,漫剧品牌A-账号-0424,漫剧品牌A,26,0,0.05827,0.05,0.0,2.2411538461538463,0.0,0.0,0.0,0.0,0.0,0.0,0.0,1,17.16148961729878,0.038461538461538464,0.0,,2.2411538461538463,0.0,0.0,0.05827,0.038461538461538464,False,False,数据不足/低量池
2026-07-01,MJ-0205,漫剧品牌B-账号-0205,漫剧品牌B,18,0,0.05594,0.04,0.0,3.1077777777777773,0.0,0.0,0.0,0.0,0.0,0.0,0.0,0,0.0,0.0,0.0,,3.1077777777777773,0.0,0.0,,0.0,False,False,数据不足/低量池
2026-07-01,MJ-0444,漫剧品牌B-账号-0444,漫剧品牌B,22,0,0.0548,0.04,0.0,2.4909090909090907,0.0,0.0,0.0,0.0,0.0,0.0,0.0,0,0.0,0.0,0.0,,2.4909090909090907,0.0,0.0,,0.0,False,False,数据不足/低量池
2026-07-01,MJ-0244,漫剧品牌B-账号-0244,漫剧品牌B,13,1,0.05466,0.04,0.07692307692307693,4.204615384615384,0.05466,0.0,0.0,0.0,0.0,0.0,0.0,1,18.294914013904133,0.07692307692307693,0.07692307692307693,0.05466,4.204615384615384,0.0,0.0,0.05466,0.07692307692307693,False,False,数据不足/低量池
2026-07-01,MJ-0395,漫剧品牌A-账号-0395,漫剧品牌A,64,1,0.04971,0.04,0.015625,0.7767187499999999,0.04971,0.0,0.0,0.04,0.8046670690002012,0.04,0.8046670690002012,0,0.0,0.0,0.015625,0.04971,0.7767187499999999,0.8046670690002012,0.8046670690002012,,0.0,False,False,数据不足/低量池
2026-07-01,MJ-0422,漫剧品牌A-账号-0422,漫剧品牌A,22,1,0.04779,0.04,0.045454545454545456,2.172272727272727,0.04779,0.0,0.0,0.18,3.766478342749529,0.18,3.766478342749529,0,0.0,0.0,0.045454545454545456,0.04779,2.172272727272727,3.766478342749529,3.766478342749529,,0.0,False,False,数据不足/低量池
2026-07-01,MJ-0435,漫剧品牌B-账号-0435,漫剧品牌B,15,0,0.04318,0.02,0.0,2.878666666666667,0.0,0.0,0.0,0.0,0.0,0.0,0.0,1,23.158869847151458,0.06666666666666667,0.0,,2.878666666666667,0.0,0.0,0.04318,0.06666666666666667,False,False,数据不足/低量池
2026-07-01,MJ-0318,漫剧品牌C-账号-0318,漫剧品牌C,582,2,0.04218,0.04,0.003436426116838488,0.07247422680412371,0.02109,0.0,0.0,0.06,1.422475106685633,0.06,1.422475106685633,3,71.12375533428164,0.005154639175257732,0.003436426116838488,0.02109,0.07247422680412371,1.422475106685633,1.422475106685633,0.014060000000000001,0.005154639175257732,False,False,数据不足/低量池
2026-07-01,MJ-0369,漫剧品牌C-账号-0369,漫剧品牌C,69,0,0.04185,0.04,0.0,0.6065217391304347,0.0,0.0,0.0,0.0,0.0,0.0,0.0,1,23.894862604540023,0.014492753623188406,0.0,,0.6065217391304347,0.0,0.0,0.04185,0.014492753623188406,False,False,数据不足/低量池
2026-07-01,MJ-0404,漫剧品牌A-账号-0404,漫剧品牌A,69,0,0.04093,0.03,0.0,0.5931884057971014,0.0,0.0,0.0,0.0,0.0,0.0,0.0,0,0.0,0.0,0.0,,0.5931884057971014,0.0,0.0,,0.0,False,False,数据不足/低量池
2026-07-01,MJ-0049,漫剧品牌C-账号-0049,漫剧品牌C,10,0,0.03889,0.03,0.0,3.8890000000000002,0.0,0.0,0.0,0.0,0.0,0.0,0.0,0,0.0,0.0,0.0,,3.8890000000000002,0.0,0.0,,0.0,False,False,数据不足/低量池
2026-07-01,MJ-0411,漫剧品牌B-账号-0411,漫剧品牌B,19,0,0.03726,0.01,0.0,1.9610526315789476,0.0,0.0,0.0,0.0,0.0,0.0,0.0,0,0.0,0.0,0.0,,1.9610526315789476,0.0,0.0,,0.0,False,False,数据不足/低量池
2026-07-01,MJ-0365,漫剧品牌C-账号-0365,漫剧品牌C,59,0,0.03676,0.04,0.0,0.6230508474576272,0.0,0.0,0.0,0.0,0.0,0.0,0.0,1,27.20348204570185,0.01694915254237288,0.0,,0.6230508474576272,0.0,0.0,0.03676,0.01694915254237288,False,False,数据不足/低量池
2026-07-01,MJ-0012,漫剧品牌B-账号-0012,漫剧品牌B,9,0,0.03081,0.01,0.0,3.4233333333333333,0.0,0.0,0.0,0.0,0.0,0.0,0.0,0,0.0,0.0,0.0,,3.4233333333333333,0.0,0.0,,0.0,False,False,数据不足/低量池
2026-07-01,MJ-0491,漫剧品牌E-账号-0491,漫剧品牌E,3,0,0.02903,0.02,0.0,9.676666666666666,0.0,0.0,0.0,0.0,0.0,0.0,0.0,0,0.0,0.0,0.0,,9.676666666666666,0.0,0.0,,0.0,False,False,数据不足/低量池
2026-07-01,MJ-0117,漫剧品牌C-账号-0117,漫剧品牌C,5,0,0.02866,0.01,0.0,5.732,0.0,0.0,0.0,0.0,0.0,0.0,0.0,0,0.0,0.0,0.0,,5.732,0.0,0.0,,0.0,False,False,数据不足/低量池
2026-07-01,MJ-0352,漫剧品牌C-账号-0352,漫剧品牌C,96,1,0.02742,0.02,0.010416666666666666,0.285625,0.02742,0.0,0.0,0.0,0.0,0.0,0.0,3,109.40919037199124,0.03125,0.010416666666666666,0.02742,0.285625,0.0,0.0,0.00914,0.03125,False,False,数据不足/低量池
2026-07-01,MJ-0366,漫剧品牌C-账号-0366,漫剧品牌C,43,1,0.02612,0.02,0.023255813953488372,0.6074418604651163,0.02612,0.0,0.0,0.03,1.1485451761102603,0.03,1.1485451761102603,2,76.5696784073507,0.046511627906976744,0.023255813953488372,0.02612,0.6074418604651163,1.1485451761102603,1.1485451761102603,0.01306,0.046511627906976744,False,False,数据不足/低量池
2026-07-01,MJ-0219,漫剧品牌G-账号-0219,漫剧品牌G,4,0,0.02148,0.01,0.0,5.37,0.0,0.0,0.0,0.0,0.0,0.0,0.0,0,0.0,0.0,0.0,,5.37,0.0,0.0,,0.0,False,False,数据不足/低量池
2026-07-01,MJ-0324,漫剧品牌C-账号-0324,漫剧品牌C,300,0,0.02029,0.01,0.0,0.06763333333333332,0.0,0.0,0.0,0.0,0.0,0.0,0.0,0,0.0,0.0,0.0,,0.06763333333333332,0.0,0.0,,0.0,False,False,数据不足/低量池
2026-07-01,MJ-0328,漫剧品牌C-账号-0328,漫剧品牌C,884,1,0.01995,0.01,0.0011312217194570137,0.02256787330316742,0.01995,0.0,0.0,0.01,0.5012531328320803,0.01,0.5012531328320803,2,100.25062656641605,0.0022624434389140274,0.0011312217194570137,0.01995,0.02256787330316742,0.5012531328320803,0.5012531328320803,0.009975,0.0022624434389140274,False,False,数据不足/低量池
2026-07-01,MJ-0202,漫剧品牌G-账号-0202,漫剧品牌G,3,1,0.01948,0.01,0.3333333333333333,6.493333333333333,0.01948,0.0,0.0,0.0,0.0,0.0,0.0,0,0.0,0.0,0.3333333333333333,0.01948,6.493333333333333,0.0,0.0,,0.0,False,False,数据不足/低量池
2026-07-01,MJ-0371,漫剧品牌C-账号-0371,漫剧品牌C,108,1,0.01683,0.01,0.009259259259259259,0.15583333333333335,0.01683,0.0,0.0,0.03,1.7825311942959,0.03,1.7825311942959,1,59.41770647653,0.009259259259259259,0.009259259259259259,0.01683,0.15583333333333335,1.7825311942959,1.7825311942959,0.01683,0.009259259259259259,False,False,数据不足/低量池
2026-07-01,MJ-0439,漫剧品牌D-账号-0439,漫剧品牌D,4,0,0.01668,0.01,0.0,4.17,0.0,0.0,0.0,0.0,0.0,0.0,0.0,0,0.0,0.0,0.0,,4.17,0.0,0.0,,0.0,False,False,数据不足/低量池
2026-07-01,MJ-0309,漫剧品牌C-账号-0309,漫剧品牌C,230,1,0.01559,0.01,0.004347826086956522,0.06778260869565217,0.01559,0.0,0.0,0.13,8.338678640153946,0.13,8.338678640153946,1,64.14368184733804,0.004347826086956522,0.004347826086956522,0.01559,0.06778260869565217,8.338678640153946,8.338678640153946,0.01559,0.004347826086956522,False,False,数据不足/低量池
2026-07-01,MJ-0198,漫剧品牌G-账号-0198,漫剧品牌G,2,0,0.01526,0.01,0.0,7.63,0.0,0.0,0.0,0.0,0.0,0.0,0.0,0,0.0,0.0,0.0,,7.63,0.0,0.0,,0.0,False,False,数据不足/低量池
2026-07-01,MJ-0364,漫剧品牌C-账号-0364,漫剧品牌C,104,0,0.01477,0.01,0.0,0.1420192307692308,0.0,0.0,0.0,0.0,0.0,0.0,0.0,1,67.70480704129993,0.009615384615384616,0.0,,0.1420192307692308,0.0,0.0,0.01477,0.009615384615384616,False,False,数据不足/低量池
2026-07-01,MJ-0222,漫剧品牌G-账号-0222,漫剧品牌G,3,1,0.01361,0.01,0.3333333333333333,4.536666666666667,0.01361,0.0,0.0,0.0,0.0,0.0,0.0,1,73.47538574577516,0.3333333333333333,0.3333333333333333,0.01361,4.536666666666667,0.0,0.0,0.01361,0.3333333333333333,False,False,数据不足/低量池
2026-07-01,MJ-0408,漫剧品牌D-账号-0408,漫剧品牌D,12,0,0.01298,0.01,0.0,1.0816666666666668,0.0,0.0,0.0,0.0,0.0,0.0,0.0,0,0.0,0.0,0.0,,1.0816666666666668,0.0,0.0,,0.0,False,False,数据不足/低量池
2026-07-01,MJ-0494,漫剧品牌E-账号-0494,漫剧品牌E,2,1,0.01297,0.01,0.5,6.485,0.01297,0.0,0.0,0.0,0.0,0.0,0.0,0,0.0,0.0,0.5,0.01297,6.485,0.0,0.0,,0.0,False,False,数据不足/低量池
2026-07-01,MJ-0410,漫剧品牌A-账号-0410,漫剧品牌A,20,1,0.01106,0.01,0.05,0.553,0.01106,0.0,0.0,0.0,0.0,0.0,0.0,0,0.0,0.0,0.05,0.01106,0.553,0.0,0.0,,0.0,False,False,数据不足/低量池
2026-07-01,MJ-0497,漫剧品牌E-账号-0497,漫剧品牌E,4,1,0.01032,0.0,0.25,2.5799999999999996,0.01032,0.0,0.0,0.0,0.0,0.0,0.0,0,0.0,0.0,0.25,0.01032,2.5799999999999996,0.0,0.0,,0.0,False,False,数据不足/低量池
2026-07-01,MJ-0316,漫剧品牌C-账号-0316,漫剧品牌C,320,0,0.01015,0.01,0.0,0.03171875,0.0,0.0,0.0,0.0,0.0,0.0,0.0,1,98.52216748768474,0.003125,0.0,,0.03171875,0.0,0.0,0.01015,0.003125,False,False,数据不足/低量池
2026-07-01,MJ-0236,漫剧品牌G-账号-0236,漫剧品牌G,10,1,0.00959,0.01,0.1,0.959,0.00959,0.0,0.0,0.0,0.0,0.0,0.0,1,104.27528675703859,0.1,0.1,0.00959,0.959,0.0,0.0,0.00959,0.1,False,False,数据不足/低量池
2026-07-01,MJ-0500,漫剧品牌E-账号-0500,漫剧品牌E,3,0,0.00957,0.0,0.0,3.19,0.0,0.0,0.0,0.0,0.0,0.0,0.0,0,0.0,0.0,0.0,,3.19,0.0,0.0,,0.0,False,False,数据不足/低量池
2026-07-01,MJ-0015,漫剧品牌B-账号-0015,漫剧品牌B,6,0,0.00775,0.0,0.0,1.2916666666666667,0.0,0.0,0.0,0.0,0.0,0.0,0.0,0,0.0,0.0,0.0,,1.2916666666666667,0.0,0.0,,0.0,False,False,数据不足/低量池
2026-07-01,MJ-0441,漫剧品牌D-账号-0441,漫剧品牌D,1,0,0.00775,0.0,0.0,7.75,0.0,0.0,0.0,0.0,0.0,0.0,0.0,0,0.0,0.0,0.0,,7.75,0.0,0.0,,0.0,False,False,数据不足/低量池
2026-07-01,MJ-0017,漫剧品牌C-账号-0017,漫剧品牌C,378,0,0.00716,0.0,0.0,0.018941798941798944,0.0,0.0,0.0,0.0,0.0,0.0,0.0,1,139.66480446927375,0.0026455026455026454,0.0,,0.018941798941798944,0.0,0.0,0.00716,0.0026455026455026454,False,False,数据不足/低量池
2026-07-01,MJ-0393,漫剧品牌A-账号-0393,漫剧品牌A,1,0,0.00675,0.0,0.0,6.75,0.0,0.0,0.0,0.0,0.0,0.0,0.0,0,0.0,0.0,0.0,,6.75,0.0,0.0,,0.0,False,False,数据不足/低量池
2026-07-01,MJ-0361,漫剧品牌C-账号-0361,漫剧品牌C,28,0,0.00654,0.0,0.0,0.23357142857142854,0.0,0.0,0.0,0.0,0.0,0.0,0.0,0,0.0,0.0,0.0,,0.23357142857142854,0.0,0.0,,0.0,False,False,数据不足/低量池
2026-07-01,MJ-0396,漫剧品牌A-账号-0396,漫剧品牌A,1,0,0.00586,0.0,0.0,5.859999999999999,0.0,0.0,0.0,0.0,0.0,0.0,0.0,0,0.0,0.0,0.0,,5.859999999999999,0.0,0.0,,0.0,False,False,数据不足/低量池
2026-07-01,MJ-0399,漫剧品牌A-账号-0399,漫剧品牌A,13,0,0.00568,0.0,0.0,0.4369230769230769,0.0,0.0,0.0,0.0,0.0,0.0,0.0,0,0.0,0.0,0.0,,0.4369230769230769,0.0,0.0,,0.0,False,False,数据不足/低量池
2026-07-01,MJ-0186,漫剧品牌A-账号-0186,漫剧品牌A,1,0,0.00509,0.0,0.0,5.09,0.0,0.0,0.0,0.0,0.0,0.0,0.0,0,0.0,0.0,0.0,,5.09,0.0,0.0,,0.0,False,False,数据不足/低量池
2026-07-01,MJ-0387,漫剧品牌A-账号-0387,漫剧品牌A,7,0,0.00487,0.0,0.0,0.6957142857142857,0.0,0.0,0.0,0.0,0.0,0.0,0.0,0,0.0,0.0,0.0,,0.6957142857142857,0.0,0.0,,0.0,False,False,数据不足/低量池
2026-07-01,MJ-0398,漫剧品牌D-账号-0398,漫剧品牌D,3,0,0.00469,0.0,0.0,1.5633333333333332,0.0,0.0,0.0,0.0,0.0,0.0,0.0,0,0.0,0.0,0.0,,1.5633333333333332,0.0,0.0,,0.0,False,False,数据不足/低量池
2026-07-01,MJ-0363,漫剧品牌C-账号-0363,漫剧品牌C,45,1,0.00424,0.0,0.022222222222222223,0.09422222222222222,0.00424,0.0,0.0,0.0,0.0,0.0,0.0,1,235.8490566037736,0.022222222222222223,0.022222222222222223,0.00424,0.09422222222222222,0.0,0.0,0.00424,0.022222222222222223,False,False,数据不足/低量池
2026-07-01,MJ-0312,漫剧品牌C-账号-0312,漫剧品牌C,174,0,0.00389,0.0,0.0,0.02235632183908046,0.0,0.0,0.0,0.0,0.0,0.0,0.0,0,0.0,0.0,0.0,,0.02235632183908046,0.0,0.0,,0.0,False,False,数据不足/低量池
2026-07-01,MJ-0241,漫剧品牌G-账号-0241,漫剧品牌G,1,0,0.00368,0.0,0.0,3.68,0.0,0.0,0.0,0.0,0.0,0.0,0.0,0,0.0,0.0,0.0,,3.68,0.0,0.0,,0.0,False,False,数据不足/低量池
2026-07-01,MJ-0320,漫剧品牌C-账号-0320,漫剧品牌C,363,1,0.00359,0.0,0.0027548209366391185,0.009889807162534436,0.00359,0.0,0.0,0.0,0.0,0.0,0.0,1,278.5515320334262,0.0027548209366391185,0.0027548209366391185,0.00359,0.009889807162534436,0.0,0.0,0.00359,0.0027548209366391185,False,False,数据不足/低量池
2026-07-01,MJ-0227,漫剧品牌G-账号-0227,漫剧品牌G,1,0,0.00303,0.0,0.0,3.0300000000000002,0.0,0.0,0.0,0.0,0.0,0.0,0.0,0,0.0,0.0,0.0,,3.0300000000000002,0.0,0.0,,0.0,False,False,数据不足/低量池
2026-07-01,MJ-0193,漫剧品牌A-账号-0193,漫剧品牌A,1,0,0.00303,0.0,0.0,3.0300000000000002,0.0,0.0,0.0,0.0,0.0,0.0,0.0,0,0.0,0.0,0.0,,3.0300000000000002,0.0,0.0,,0.0,False,False,数据不足/低量池
2026-07-01,MJ-0413,漫剧品牌D-账号-0413,漫剧品牌D,1,0,0.00277,0.0,0.0,2.77,0.0,0.0,0.0,0.0,0.0,0.0,0.0,0,0.0,0.0,0.0,,2.77,0.0,0.0,,0.0,False,False,数据不足/低量池
2026-07-01,MJ-0368,漫剧品牌C-账号-0368,漫剧品牌C,28,0,0.00231,0.0,0.0,0.0825,0.0,0.0,0.0,0.0,0.0,0.0,0.0,1,432.9004329004329,0.03571428571428571,0.0,,0.0825,0.0,0.0,0.00231,0.03571428571428571,False,False,数据不足/低量池
2026-07-01,MJ-0405,漫剧品牌A-账号-0405,漫剧品牌A,1,0,0.00222,0.0,0.0,2.22,0.0,0.0,0.0,0.0,0.0,0.0,0.0,0,0.0,0.0,0.0,,2.22,0.0,0.0,,0.0,False,False,数据不足/低量池
2026-07-01,MJ-0423,漫剧品牌A-账号-0423,漫剧品牌A,1,1,0.00195,0.0,1.0,1.95,0.00195,0.0,0.0,0.0,0.0,0.0,0.0,1,512.8205128205128,1.0,1.0,0.00195,1.95,0.0,0.0,0.00195,1.0,False,False,数据不足/低量池
2026-07-01,MJ-0436,漫剧品牌D-账号-0436,漫剧品牌D,1,0,0.00156,0.0,0.0,1.56,0.0,0.0,0.0,0.0,0.0,0.0,0.0,1,641.025641025641,1.0,0.0,,1.56,0.0,0.0,0.00156,1.0,False,False,数据不足/低量池
2026-07-01,MJ-0179,漫剧品牌G-账号-0179,漫剧品牌G,10,0,0.00146,0.0,0.0,0.146,0.0,0.0,0.0,0.0,0.0,0.0,0.0,0,0.0,0.0,0.0,,0.146,0.0,0.0,,0.0,False,False,数据不足/低量池
2026-07-01,MJ-0433,漫剧品牌A-账号-0433,漫剧品牌A,1,0,0.00136,0.0,0.0,1.36,0.0,0.0,0.0,0.0,0.0,0.0,0.0,0,0.0,0.0,0.0,,1.36,0.0,0.0,,0.0,False,False,数据不足/低量池
2026-07-01,MJ-0421,漫剧品牌D-账号-0421,漫剧品牌D,10,0,0.00123,0.0,0.0,0.12300000000000001,0.0,0.0,0.0,0.0,0.0,0.0,0.0,0,0.0,0.0,0.0,,0.12300000000000001,0.0,0.0,,0.0,False,False,数据不足/低量池
2026-07-01,MJ-0314,漫剧品牌C-账号-0314,漫剧品牌C,324,0,0.00116,0.0,0.0,0.003580246913580247,0.0,0.0,0.0,0.0,0.0,0.0,0.0,0,0.0,0.0,0.0,,0.003580246913580247,0.0,0.0,,0.0,False,False,数据不足/低量池
2026-07-01,MJ-0182,漫剧品牌A-账号-0182,漫剧品牌A,2,0,0.00091,0.0,0.0,0.455,0.0,0.0,0.0,0.0,0.0,0.0,0.0,0,0.0,0.0,0.0,,0.455,0.0,0.0,,0.0,False,False,数据不足/低量池
2026-07-01,MJ-0414,漫剧品牌A-账号-0414,漫剧品牌A,1,0,0.00066,0.0,0.0,0.66,0.0,0.0,0.0,0.0,0.0,0.0,0.0,0,0.0,0.0,0.0,,0.66,0.0,0.0,,0.0,False,False,数据不足/低量池
2026-07-01,MJ-0189,漫剧品牌A-账号-0189,漫剧品牌A,1,0,0.00034,0.0,0.0,0.34,0.0,0.0,0.0,0.0,0.0,0.0,0.0,0,0.0,0.0,0.0,,0.34,0.0,0.0,,0.0,False,False,数据不足/低量池
2026-07-01,MJ-0419,漫剧品牌A-账号-0419,漫剧品牌A,1,0,0.00015,0.0,0.0,0.15,0.0,0.0,0.0,0.0,0.0,0.0,0.0,0,0.0,0.0,0.0,,0.15,0.0,0.0,,0.0,False,False,数据不足/低量池
2026-07-01,MJ-0308,漫剧品牌C-账号-0308,漫剧品牌C,304,1,0.00011,0.0,0.003289473684210526,0.0003618421052631579,0.00011,0.0,0.0,0.0,0.0,0.0,0.0,0,0.0,0.0,0.003289473684210526,0.00011,0.0003618421052631579,0.0,0.0,,0.0,False,False,数据不足/低量池
2026-07-01,MJ-0475,漫剧品牌F-账号-0475,漫剧品牌F,0,0,0.0,0.0,0.0,0.0,0.0,0.0,0.0,0.0,0.0,0.0,0.0,0,0.0,0.0,,,,,,,,False,False,数据不足/低量池
2026-07-01,MJ-0091,漫剧品牌C-账号-0091,漫剧品牌C,0,0,0.0,0.0,0.0,0.0,0.0,0.0,0.0,0.0,0.0,0.0,0.0,0,0.0,0.0,,,,,,,,False,False,数据不足/低量池
2026-07-01,MJ-0011,漫剧品牌F-账号-0011,漫剧品牌F,0,0,0.0,0.0,0.0,0.0,0.0,0.0,0.0,0.0,0.0,0.0,0.0,0,0.0,0.0,,,,,,,,False,False,数据不足/低量池
2026-07-01,MJ-0379,漫剧品牌D-账号-0379,漫剧品牌D,0,0,0.0,0.0,0.0,0.0,0.0,0.0,0.0,0.0,0.0,0.0,0.0,0,0.0,0.0,,,,,,,,False,False,数据不足/低量池
2026-07-01,MJ-0263,漫剧品牌C-账号-0263,漫剧品牌C,0,0,0.0,0.0,0.0,0.0,0.0,0.0,0.0,0.0,0.0,0.0,0.0,0,0.0,0.0,,,,,,,,False,False,数据不足/低量池
2026-07-01,MJ-0013,漫剧品牌F-账号-0013,漫剧品牌F,0,0,0.0,0.0,0.0,0.0,0.0,0.0,0.0,0.0,0.0,0.0,0.0,0,0.0,0.0,,,,,,,,False,False,数据不足/低量池
2026-07-01,MJ-0468,漫剧品牌F-账号-0468,漫剧品牌F,0,0,0.0,0.0,0.0,0.0,0.0,0.0,0.0,0.0,0.0,0.0,0.0,0,0.0,0.0,,,,,,,,False,False,数据不足/低量池
2026-07-01,MJ-0064,漫剧品牌C-账号-0064,漫剧品牌C,0,0,0.0,0.0,0.0,0.0,0.0,0.0,0.0,0.0,0.0,0.0,0.0,0,0.0,0.0,,,,,,,,False,False,数据不足/低量池
2026-07-01,MJ-0306,漫剧品牌C-账号-0306,漫剧品牌C,0,0,0.0,0.0,0.0,0.0,0.0,0.0,0.0,0.0,0.0,0.0,0.0,0,0.0,0.0,,,,,,,,False,False,数据不足/低量池
2026-07-01,MJ-0535,漫剧品牌F-账号-0535,漫剧品牌F,0,0,0.0,0.0,0.0,0.0,0.0,0.0,0.0,0.0,0.0,0.0,0.0,0,0.0,0.0,,,,,,,,False,False,数据不足/低量池
2026-07-01,MJ-0461,漫剧品牌C-账号-0461,漫剧品牌C,0,0,0.0,0.0,0.0,0.0,0.0,0.0,0.0,0.0,0.0,0.0,0.0,0,0.0,0.0,,,,,,,,False,False,数据不足/低量池
2026-07-01,MJ-0548,漫剧品牌F-账号-0548,漫剧品牌F,0,0,0.0,0.0,0.0,0.0,0.0,0.0,0.0,0.0,0.0,0.0,0.0,0,0.0,0.0,,,,,,,,False,False,数据不足/低量池
2026-07-01,MJ-0541,漫剧品牌F-账号-0541,漫剧品牌F,0,0,0.0,0.0,0.0,0.0,0.0,0.0,0.0,0.0,0.0,0.0,0.0,0,0.0,0.0,,,,,,,,False,False,数据不足/低量池
2026-07-01,MJ-0279,漫剧品牌C-账号-0279,漫剧品牌C,0,0,0.0,0.0,0.0,0.0,0.0,0.0,0.0,0.0,0.0,0.0,0.0,0,0.0,0.0,,,,,,,,False,False,数据不足/低量池
2026-07-01,MJ-0513,漫剧品牌C-账号-0513,漫剧品牌C,0,0,0.0,0.0,0.0,0.0,0.0,0.0,0.0,0.0,0.0,0.0,0.0,0,0.0,0.0,,,,,,,,False,False,数据不足/低量池
2026-07-01,MJ-0305,漫剧品牌F-账号-0305,漫剧品牌F,0,0,0.0,0.0,0.0,0.0,0.0,0.0,0.0,0.0,0.0,0.0,0.0,0,0.0,0.0,,,,,,,,False,False,数据不足/低量池
2026-07-01,MJ-0462,漫剧品牌F-账号-0462,漫剧品牌F,0,0,0.0,0.0,0.0,0.0,0.0,0.0,0.0,0.0,0.0,0.0,0.0,0,0.0,0.0,,,,,,,,False,False,数据不足/低量池
